Date,log_returns,hurst,hurstp,hurstm
2011/2/1,0.018752143,0.194910361,-0.011469615,0.103543569
2011/2/2,-0.000592646,0.308849893,0.723800177,-0.196221198
2011/2/3,0.001569927,0.242712721,0.356629533,0.086953806
2011/2/4,0.005583754,0.288317467,0.214634405,0.272721708
2011/2/7,0.00529057,0.1966324,-0.844714734,1.201796732
2011/2/8,0.00468014,0.144677621,-0.554840013,0.698859294
2011/2/9,-0.002857083,0.001478075,-0.772154519,0.591960641
2011/2/10,0.000494666,0.052954223,-0.195771935,0.169421941
2011/2/11,0.006782302,0.009792892,-1.244027095,1.107358224
2011/2/14,0.002751209,-0.018824934,-0.114004795,-0.101272744
2011/2/15,-0.004564602,0.177442038,-0.552127559,0.681675252
2011/2/16,0.007534792,0.164645742,-0.43615948,0.7553177
2011/2/17,0.002128285,0.189533123,-0.199051125,0.305721936
2011/2/18,0.000836638,0.124692228,0.115537492,0.014402395
2011/2/22,-0.027738762,0.179169747,0.027089421,0.251507495
2011/2/23,-0.012202195,0.165283734,0.941893709,-0.651490689
2011/2/24,0.005460662,0.061240011,1.418949263,-0.95618534
2011/2/25,0.015637351,0.137957386,0.945645439,-0.084044863
2011/2/28,0.000438587,0.172822503,0.316469358,0.643765389
2011/3/1,-0.016254923,0.213118841,0.063315121,0.189608572
2011/3/2,0.003886629,0.319651715,0.191377775,0.311908736
2011/3/3,0.018270469,0.31823637,0.134110573,0.510385548
2011/3/4,-0.005039941,0.273355111,-0.133043781,0.434271604
2011/3/7,-0.014118818,0.143878027,0.421796141,-0.590623339
2011/3/8,0.00730852,0.123394566,0.469319499,-0.207047731
2011/3/9,-0.005092907,0.181382106,0.742454076,-0.377865389
2011/3/10,-0.018596691,0.214931606,0.286034198,0.248542436
2011/3/11,0.005387126,0.214677429,0.211100999,0.208031199
2011/3/14,-0.005405638,0.196167708,-0.7607415,0.857002498
2011/3/15,-0.012532996,0.052248319,-0.517210297,0.166354291
2011/3/16,-0.019118132,0.24497924,-0.289558361,0.532121737
2011/3/17,0.007321744,0.174220601,0.219191999,0.108295295
2011/3/18,0.002886519,0.153846294,-0.401327493,0.461676944
2011/3/21,0.01814974,0.011425133,-0.461846513,0.289847089
2011/3/22,-0.003058061,0.106797605,-0.774748254,0.918104358
2011/3/23,0.005362162,0.125568591,-0.533075873,0.568476856
2011/3/24,0.014028552,0.117831207,-0.164463765,0.353465892
2011/3/25,0.002423589,0.073646643,-0.039797319,0.193702948
2011/3/28,-0.004523423,0.155510029,-0.008586241,0.600134026
2011/3/29,0.00955257,0.112903456,0.606293572,-0.451815269
2011/3/30,0.007192351,0.119887681,1.061493226,-0.913586445
2011/3/31,0.001540161,0.259354953,0.442242828,0.193046396
2011/4/1,0.003062471,0.258934694,0.44393535,0.192581646
2011/4/4,-0.000146985,0.318850879,0.378647869,0.389210981
2011/4/5,0.000716797,0.244439028,0.008708703,0.390144216
2011/4/6,0.003087101,0.265965223,0.006427607,0.420804067
2011/4/7,-0.001315235,0.267882715,-0.084371293,0.468769896
2011/4/8,-0.005641496,0.142485517,0.570879896,-0.536818319
2011/4/11,-0.003206101,0.169100948,0.42656922,-0.255212232
2011/4/12,-0.009687729,0.285226982,0.112191248,0.178426778
2011/4/13,0.006076683,0.485974856,0.540306986,0.242965174
2011/4/14,-0.000470866,0.404368785,-0.164460655,0.758841957
2011/4/15,0.001603658,0.267640362,-0.777900451,1.098763456
2011/4/18,-0.010643679,0.133117985,-0.317347554,0.362441587
2011/4/19,0.00349978,0.133127231,-0.517379316,0.63406656
2011/4/20,0.020745298,0.114138584,-0.255622133,0.136610992
2011/4/21,0.006278177,0.050677952,-0.221975116,0.291884673
2011/4/25,0.0020262,0.069181949,-0.364796253,0.463086221
2011/4/26,0.007635643,0.045476026,-0.188314299,0.666380794
2011/4/27,0.007814753,0.04736072,-0.709071626,1.08741846
2011/4/28,0.000922957,0.077156169,0.281440943,-0.415934342
2011/4/29,0.000351545,0.181285939,0.249338673,-0.201295218
2011/5/2,-0.003297538,0.161844079,0.121199931,0.007430785
2011/5/3,-0.00787287,0.183948669,0.641211572,-0.347127319
2011/5/4,-0.004723238,0.210097336,0.439386125,0.061262748
2011/5/5,-0.004788285,0.283313299,0.130312294,0.532545194
2011/5/6,0.004551359,0.422578519,0.621702059,0.421775368
2011/5/9,0.005533615,0.42800246,-0.421640451,1.041942533
2011/5/10,0.010022586,0.50741776,-0.574687925,1.253100943
2011/5/11,-0.009386193,0.383192496,0.361741641,0.485031146
2011/5/12,0.00629984,0.507931574,0.367803557,0.368457936
2011/5/13,-0.012148068,0.300720208,1.669625777,-0.631503907
2011/5/16,-0.016454411,0.318831588,1.145202952,-0.36531131
2011/5/17,0.00032342,0.267227999,0.161042354,0.41403727
2011/5/18,0.011357324,0.340880949,-0.145639333,0.910947287
2011/5/19,0.002947694,0.314124109,-0.533045763,0.923459328
2011/5/20,-0.007105526,0.211212073,-0.24602221,0.897637288
2011/5/23,-0.01597238,0.098442171,0.108353339,-0.126987099
2011/5/24,-0.004628477,0.115626089,-0.416997478,1.19032102
2011/5/25,0.005526983,0.092491603,-0.076736037,0.621322643
2011/5/26,0.007770181,0.058467259,0.217632756,0.364515425
2011/5/27,0.004996623,0.024273493,-0.046333495,0.301111907
2011/5/31,0.013650392,-0.132409965,-0.225076774,0.192684759
2011/6/1,-0.023592893,-0.063118597,-0.2477775,0.374484828
2011/6/2,0.001486694,0.099500246,0.161489807,0.015977597
2011/6/3,-0.014722147,0.270336075,0.238069457,0.245463338
2011/6/6,-0.011119934,0.280457392,0.192681318,0.410561144
2011/6/7,-0.000370088,0.271529674,0.600130029,0.01720495
2011/6/8,-0.009737958,0.518223767,1.30743576,-0.163187953
2011/6/9,0.003540883,0.565195128,0.542425586,0.485709184
2011/6/10,-0.015441511,0.627464909,0.645147152,0.659897941
2011/6/13,-0.001529313,0.643947628,0.890258062,0.655140215
2011/6/14,0.014677582,0.576463815,0.296215693,0.814571117
2011/6/15,-0.017800243,0.266437266,0.811584647,-0.386700774
2011/6/16,-0.00295329,0.256310397,-0.423653706,0.873641622
2011/6/17,-0.002755632,0.238844844,-0.450164366,0.634187119
2011/6/20,0.005024657,0.250231237,0.319371185,0.526420471
2011/6/21,0.021667527,0.24374824,0.204371637,0.505856422
2011/6/22,-0.006747032,0.244321043,-0.004271191,0.893936665
2011/6/23,0.006557229,0.315890473,-0.046435205,0.746551076
2011/6/24,-0.012682673,0.215924765,0.324229157,0.196089289
2011/6/27,0.013251972,0.127785784,0.311623592,0.052217805
2011/6/28,0.015147246,-0.00771398,0.206808727,-0.259340133
2011/6/29,0.004087907,-0.0179707,0.284166964,-0.469709208
2011/6/30,0.011980535,-0.061762515,0.337749449,-0.656135855
2011/7/1,0.01521082,0.010285064,0.180701997,-0.513321834
2011/7/5,0.003452802,0.105133099,0.475010884,-0.607753736
2011/7/6,0.002915305,0.106530501,0.324368508,-0.2702208
2011/7/7,0.013542231,0.335207746,0.792972145,-0.311788021
2011/7/8,-0.004483241,0.299542475,0.283310233,0.12840937
2011/7/11,-0.020200495,0.243085881,0.074363675,0.23035548
2011/7/12,-0.007416952,0.212569727,1.143971615,-0.377125957
2011/7/13,0.00538107,0.394749366,0.744889797,0.134274563
2011/7/14,-0.012321208,0.410773047,0.876507771,0.000196487
2011/7/15,0.009772305,0.466451044,0.579986932,0.355690597
2011/7/18,-0.008889491,0.491714023,0.596313044,0.333605715
2011/7/19,0.021965856,0.484941671,0.836737508,0.153449723
2011/7/20,-0.004357583,0.455422636,0.346228304,0.613713503
2011/7/21,0.007152169,0.413797136,0.052165786,0.95392727
2011/7/22,0.008571591,0.319274932,-0.121289633,0.720847737
2011/7/25,-0.005622968,0.239372874,0.415743693,0.289096103
2011/7/26,-0.000999514,0.241257217,0.143512651,0.421031777
2011/7/27,-0.026825285,0.222266841,0.259381177,0.240141189
2011/7/28,0.00052793,0.149209442,0.148232605,0.225104463
2011/7/29,-0.003574388,0.048189515,0.323842532,-0.270910691
2011/8/1,-0.004279236,0.081738178,0.071560706,-0.011226502
2011/8/2,-0.027845201,0.049815326,0.190638186,-0.141758836
2011/8/3,0.008888019,-0.006301115,0.641762958,-0.762444197
2011/8/4,-0.0520857,0.190976186,0.524688417,-0.351726686
2011/8/5,-0.009424689,0.239391316,0.580451483,-0.324517088
2011/8/8,-0.071489092,0.290007996,-0.171220966,0.514388475
2011/8/9,0.051591847,0.195125252,0.221437803,0.412524494
2011/8/10,-0.041732606,0.179842417,0.089458274,-0.021409128
2011/8/11,0.04581687,0.181358844,0.156143179,0.176510743
2011/8/12,0.006119211,0.245314828,0.121679061,0.523239336
2011/8/15,0.01865285,0.368342245,0.762607059,0.189225394
2011/8/16,-0.012503486,0.634293966,0.32405696,1.203603513
2011/8/17,-0.004754792,0.884514499,0.114894861,1.829448236
2011/8/18,-0.053591077,0.860272412,1.233595993,0.541258198
2011/8/19,-0.016344198,0.756163922,-0.589679994,1.94122701
2011/8/22,0.001510491,0.575196581,-0.150807345,1.428826834
2011/8/23,0.042031131,0.437861698,0.091723019,1.039467632
2011/8/24,0.008803924,0.296719053,0.446633916,0.421352252
2011/8/25,-0.019667854,0.186339137,0.326250259,0.395974014
2011/8/26,0.024583439,0.162431998,0.615487555,0.062362726
2011/8/29,0.032633063,0.185617142,0.188521365,0.247043649
2011/8/30,0.005449371,0.303232563,0.213883861,0.359249304
2011/8/31,0.001299566,0.409072203,0.390647373,0.243441902
2011/9/1,-0.013040864,0.458892876,0.603843588,0.019644407
2011/9/2,-0.026147595,0.19535824,0.333190466,-0.391042418
2011/9/6,-0.002624059,0.13417345,0.451877005,-0.324914543
2011/9/7,0.029910029,0.147270021,0.41689397,-0.36284539
2011/9/8,-0.007798262,0.317066571,-0.257978921,0.630054213
2011/9/9,-0.02447527,0.205665299,-0.255927556,0.361032895
2011/9/12,0.010920747,0.117850688,-0.223198204,0.297808779
2011/9/13,0.014743944,-0.07636779,0.316862556,-0.026237811
2011/9/14,0.015828881,-0.08525607,-1.025871332,1.63337359
2011/9/15,0.01332936,0.245410312,0.215744147,0.736263362
2011/9/16,0.005828623,0.435799177,-0.08692947,1.028823171
2011/9/19,-0.003621684,0.554646543,0.895366746,0.364554243
2011/9/20,-0.00868339,0.633762495,0.641303769,1.114872197
2011/9/21,-0.020299307,0.688656965,0.3976247,1.399144189
2011/9/22,-0.033051592,0.5941637,0.137571351,1.212558304
2011/9/23,0.011160496,0.56493468,0.070505026,1.03307659
2011/9/26,0.013384414,0.504904612,0.454618077,0.598636177
2011/9/27,0.011904903,0.407356769,-0.060003952,1.065918057
2011/9/28,-0.021932401,0.311153806,0.626112678,0.075230644
2011/9/29,-0.004352083,0.315644189,0.536154282,0.214312585
2011/9/30,-0.02670006,0.48525272,1.03415556,0.133087726
2011/10/3,-0.033497617,0.276626886,0.616161265,-0.280738199
2011/10/4,0.029107768,0.156873544,0.53517869,-0.155376619
2011/10/5,0.022893589,0.087793769,0.229444919,-0.451815866
2011/10/6,0.018646372,0.082585528,-0.321255902,0.275942969
2011/10/7,-0.011018589,-0.02111976,-0.082930575,-0.285860468
2011/10/10,0.034371323,0.072218912,0.121761213,-0.447760236
2011/10/11,0.006595377,0.145858664,0.478346185,-0.45186878
2011/10/12,0.008365895,0.214805316,0.071811373,0.739903185
2011/10/13,0.005936894,0.296363174,0.036677836,0.75443865
2011/10/14,0.018006988,0.258778814,0.035294551,0.26912803
2011/10/17,-0.0200394,0.190293257,-0.349428115,0.717670408
2011/10/18,0.016125986,0.147881014,-0.122112951,0.757763513
2011/10/19,-0.020295405,0.253581834,-0.005360689,1.079156999
2011/10/20,-0.00208355,0.275773435,0.146781379,0.411855332
2011/10/21,0.014835798,0.478734009,0.309286997,0.86843019
2011/10/24,0.023228011,0.620575599,0.183498972,1.098346219
2011/10/25,-0.022864091,0.714829311,0.336559685,1.432062414
2011/10/26,0.004632185,0.726879508,0.722561379,0.950332283
2011/10/27,0.032645357,0.729267925,0.60240325,0.995961662
2011/10/28,-0.000540562,0.76236395,0.616212417,0.911785506
2011/10/31,-0.019456269,0.497664254,0.67401814,0.191197249
2011/11/1,-0.029276173,0.320036409,0.871719911,-0.273927943
2011/11/2,0.01258655,0.155277867,0.255380159,-0.408507788
2011/11/3,0.021728297,0.237834785,0.254341505,0.185631435
2011/11/4,-0.004390697,0.160636722,0.308301361,-0.264823331
2011/11/7,0.003382023,0.096221073,0.197991467,-0.147416172
2011/11/8,0.011890808,-0.018600827,0.330095367,-0.711797436
2011/11/9,-0.039577882,-0.101914568,-0.256386454,0.319815361
2011/11/10,0.001334147,0.026682856,-0.014711087,0.296267602
2011/11/11,0.020212231,0.162262664,0.834950984,-0.837456811
2011/11/14,-0.008069804,0.162793797,0.350718465,-0.018998262
2011/11/15,0.010847092,0.240576511,0.049274382,0.552863629
2011/11/16,-0.017496377,0.199073598,0.220600881,0.734997982
2011/11/17,-0.019749666,0.131041901,-0.312624193,0.446534805
2011/11/18,-0.006003324,0.175853605,-0.346524591,0.791563198
2011/11/21,-0.019374031,0.160052206,-0.570173372,1.157984406
2011/11/22,-0.000737449,0.334810243,-0.226561828,0.960878451
2011/11/23,-0.024572839,0.57659736,0.409931685,0.731757707
2011/11/25,-0.007577169,0.836650014,0.717208458,1.082909749
2011/11/28,0.034550666,0.885517345,0.683352007,1.146472507
2011/11/29,-0.0046918,0.720685891,0.760479398,0.795471488
2011/11/30,0.040828514,0.574783601,0.467225659,0.776753678
2011/12/1,0.002233854,0.500425782,0.006551983,0.580975869
2011/12/2,0.00027793,0.474629499,0.043422696,1.007536204
2011/12/5,0.010915002,0.417430132,0.672890048,-0.029102294
2011/12/6,-0.002337278,0.246864913,0.760541945,-0.35687465
2011/12/7,-0.000132106,0.082600458,0.686773808,-0.765380868
2011/12/8,-0.020143315,0.132005913,0.31914048,0.445803848
2011/12/9,0.019252087,0.182397708,0.307222846,0.295346755
2011/12/12,-0.013154507,0.111280501,0.673936469,-0.534383698
2011/12/13,-0.012709334,-0.08713869,-0.051060291,-0.427385011
2011/12/14,-0.015614023,-0.066195847,-0.211561576,0.300645428
2011/12/15,0.000669249,0.053159964,-0.321089978,0.804721332
2011/12/16,0.005619734,0.172078038,0.561296589,-0.51728113
2011/12/19,-0.012677216,0.318924803,0.473461666,-0.00379308
2011/12/20,0.031440875,0.314793533,0.479297874,-0.010951878
2011/12/21,-0.009942765,0.332124147,0.024034765,0.620922447
2011/12/22,0.008297617,0.398805236,0.239852834,0.38968915
2011/12/23,0.007355215,0.632487429,0.215660321,0.957400786
2011/12/27,0.002501985,0.649254347,-0.22027666,1.715431117
2011/12/28,-0.01350693,0.557899402,-0.224450328,1.025794714
2011/12/29,0.009131992,0.494545156,-0.653263505,1.279478569
2011/12/30,-0.003291891,0.472783457,-0.244056628,0.829734178
2012/1/3,0.016586249,0.64993086,0.162413185,1.484620202
2012/1/4,-0.000135924,0.587550499,0.335384301,1.026247981
2012/1/5,0.008085456,0.527768701,0.437453167,0.720204673
2012/1/6,0.001631712,0.371163532,0.400023664,0.337885109
2012/1/9,0.000874639,0.412283347,0.448239167,1.097802987
2012/1/10,0.009644883,0.40965103,0.275287653,0.999215499
2012/1/11,0.003051768,0.287903853,1.198366969,-1.027875706
2012/1/12,0.005129292,0.134851313,1.149590101,-1.109750526
2012/1/13,-0.005162494,0.13209212,0.756418496,-0.551819682
2012/1/17,0.006402228,0.123918056,0.312041813,-0.221288895
2012/1/18,0.015144557,0.007823239,0.148558359,-0.27014204
2012/1/19,0.006700229,0.144703084,0.222188418,-0.407628461
2012/1/20,-0.00058475,0.146919748,0.261986272,-0.167432218
2012/1/23,-0.000908296,0.152772814,-0.48174238,0.656714214
2012/1/24,0.000886765,0.346000746,0.11698985,0.369327307
2012/1/25,0.011300846,0.476176291,0.722305295,0.025908372
2012/1/26,-0.004634059,0.595569508,0.854646275,0.25397213
2012/1/27,0.004009376,0.480804681,-0.010378235,0.461001539
2012/1/30,-0.001638095,0.395213675,-0.61605794,1.163155099
2012/1/31,0.000675462,0.376618336,-0.649760224,1.044563428
2012/2/1,0.012161694,0.377298543,-0.739075411,2.121004906
2012/2/2,0.003997938,0.495624234,-0.136245121,1.064248289
2012/2/3,0.015950829,0.470559573,0.166298608,0.674472581
2012/2/6,-0.00126385,0.439356474,0.384119519,0.510252874
2012/2/7,0.000719936,0.501643448,0.372617537,1.532988765
2012/2/8,0.004048157,0.565298114,0.338445174,1.596843712
2012/2/9,0.003891781,0.488864496,0.762014666,0.263502976
2012/2/10,-0.00800881,0.408862741,0.70774748,0.099455895
2012/2/13,0.009428939,0.38659667,0.556136053,0.332170008
2012/2/14,0.000150088,0.294970852,0.773992795,0.073533258
2012/2/15,-0.005472288,0.174609377,1.055432754,-1.072696375
2012/2/16,0.014984078,0.240204922,1.095980729,-0.75292337
2012/2/17,-0.002730213,0.25265618,1.210746976,-0.927132388
2012/2/21,-0.001088071,0.165810071,0.056952762,-0.456034529
2012/2/22,-0.005236558,0.193889722,0.044902349,-0.056546414
2012/2/23,0.008084728,0.357709104,0.206331526,-0.294717409
2012/2/24,0.002286881,0.351992979,-0.060653824,0.70866238
2012/2/27,0.000812829,0.262208795,-0.074933562,0.079101554
2012/2/28,0.006921001,0.277664878,0.040137387,0.200349455
2012/2/29,-0.006674922,0.192188711,-0.044586496,0.134582429
2012/3/1,0.00741458,0.325868532,-0.111269993,1.098610135
2012/3/2,-0.004284887,0.338946363,0.044956961,0.782937795
2012/3/5,-0.00867609,0.444114236,0.252915658,0.691003797
2012/3/6,-0.013704828,0.383367105,0.28884798,0.477347112
2012/3/7,0.008679479,0.404579609,-0.64623981,2.325280207
2012/3/8,0.011760838,0.512658867,0.078045414,1.441758831
2012/3/9,0.006014692,0.485306029,0.325878627,0.589875209
2012/3/12,-0.001567314,0.412700375,0.676941487,0.264718658
2012/3/13,0.018667306,0.487785545,0.33193398,0.951944022
2012/3/14,0.000279577,0.48301102,0.190354388,1.165202819
2012/3/15,0.005130319,0.398528095,0.640979724,0.302404454
2012/3/16,-0.000363242,0.508526318,0.595944997,0.124630166
2012/3/19,0.007519298,0.467045602,0.532395075,0.285766242
2012/3/20,-0.001355553,0.41436082,0.631546949,-0.110659436
2012/3/21,0.000380521,0.370685316,0.764437788,-0.559064037
2012/3/22,-0.003909666,0.390095853,0.848280638,-0.43504301
2012/3/23,0.001500512,0.327308609,0.521042265,-0.140353719
2012/3/26,0.017656573,0.230933633,0.265268296,-0.605169643
2012/3/27,-0.000711206,0.103591191,0.229465689,-0.40382502
2012/3/28,-0.004944342,-0.022378447,-0.312549296,-0.347616018
2012/3/29,-0.003096617,0.003595104,-0.671916273,1.009758337
2012/3/30,-0.001225164,0.079546532,-0.003950561,0.297496559
2012/4/2,0.009057791,0.250068558,0.466301134,-0.009597481
2012/4/3,-0.001966866,0.239403098,0.786647645,-0.330783899
2012/4/4,-0.01471476,0.356069225,-0.315086747,1.848183324
2012/4/5,0.004036703,0.480828703,0.262113712,1.51109662
2012/4/9,-0.010908166,0.486748901,0.318671492,0.606159861
2012/4/10,-0.018502424,0.488427529,0.203579446,0.693797702
2012/4/11,0.008402627,0.408290988,-0.417612584,1.435027945
2012/4/12,0.012875651,0.391020972,-0.011191692,0.974196231
2012/4/13,-0.014577768,0.276813555,0.550204459,0.152820685
2012/4/16,-0.007643715,0.447335437,0.907974632,0.188744992
2012/4/17,0.01804659,0.535463117,0.53156883,0.579331388
2012/4/18,-0.003743664,0.553599945,0.323255863,0.716113373
2012/4/19,-0.007911934,0.555097751,0.57759975,0.317057934
2012/4/20,-0.002366841,0.641089892,0.748637609,0.202541478
2012/4/23,-0.010048821,0.60309661,0.463571535,0.555186581
2012/4/24,-0.002983794,0.439003644,0.28858533,-0.031962047
2012/4/25,0.022710837,0.287309677,0.882397182,-0.727841695
2012/4/26,0.006901071,0.03221276,0.678735344,-0.946241337
2012/4/27,0.006075371,0.11879203,-0.075897682,0.441850645
2012/4/30,-0.007469506,0.100289654,0.100422838,-0.352468094
2012/5/1,0.001338407,0.026332981,0.322194971,-0.344496392
2012/5/2,0.003080053,-0.094287713,0.221540458,-0.929869117
2012/5/3,-0.011686235,-0.014502569,-0.770792841,1.29441466
2012/5/4,-0.022727643,0.144325537,-0.237947667,1.213660957
2012/5/7,0.000480208,0.348133373,0.501375121,0.105893334
2012/5/8,-0.003892262,0.341258309,0.067557658,0.49000589
2012/5/9,-0.003931323,0.485566916,-0.300316051,1.437596938
2012/5/10,-0.000364668,0.462567896,-0.140087206,1.384992296
2012/5/11,6.14E-05,0.431389019,0.268795376,0.635657279
2012/5/14,-0.010705331,0.554794732,1.010152728,0.389261469
2012/5/15,-0.003043302,0.439520384,-0.213525097,0.89182841
2012/5/16,-0.006837989,0.417975723,0.970663072,0.073920289
2012/5/17,-0.021221916,0.428591476,0.070304334,0.781669963
2012/5/18,-0.012481208,0.627128046,0.382872389,0.811246411
2012/5/21,0.024323986,0.708012274,0.762651866,0.552007398
2012/5/22,-0.002859511,0.597815136,0.132329008,0.633240761
2012/5/23,0.003881043,0.462593499,0.21183135,0.672525687
2012/5/24,-0.00377538,0.331984366,0.822092523,-0.282739618
2012/5/25,-0.000651763,0.348245691,0.363111374,0.610843639
2012/5/29,0.011722963,0.327508816,0.559566912,0.051415684
2012/5/30,-0.011782876,0.190272327,0.555154022,-0.676410515
2012/5/31,-0.003537702,0.057161728,0.262518909,-0.479556886
2012/6/1,-0.028652212,0.092955778,-0.216556897,0.724077199
2012/6/4,0.004550175,0.149376822,-0.385684202,0.771385882
2012/6/5,0.006536537,0.054697872,0.407316894,-0.287408264
2012/6/6,0.023693804,-0.055014259,-0.056825242,-0.597143002
2012/6/7,-0.004827574,-0.010512926,-0.877246871,1.050213263
2012/6/8,0.009631954,0.151946406,-0.529114943,1.247299784
2012/6/11,-0.017180631,0.355788587,-0.127760415,0.733292245
2012/6/12,0.011796061,0.531120624,0.46286651,0.587534566
2012/6/13,-0.008640599,0.606117395,0.12832214,1.0128063
2012/6/14,0.006267107,0.608451752,0.044846921,1.078067418
2012/6/15,0.012776201,0.61860469,0.527681286,0.753517957
2012/6/18,0.00781193,0.74662612,0.643617319,0.885310492
2012/6/19,0.011821414,0.592999113,0.865947474,0.520371308
2012/6/20,0.000235486,0.472546197,1.139300805,-0.251836999
2012/6/21,-0.024652602,0.33223619,-0.025405128,0.719564922
2012/6/22,0.01159013,0.274090385,0.609151708,0.017697707
2012/6/25,-0.019642497,0.408977225,0.055475739,1.038990859
2012/6/26,0.006291517,0.395285794,0.218841662,0.467376666
2012/6/27,0.00742143,0.379028701,0.62057478,0.110060423
2012/6/28,-0.009023942,0.228027731,0.408319835,-0.033438554
2012/6/29,0.029584458,0.280786429,-0.227136311,1.500790635
2012/7/2,0.005497544,0.210600544,-0.085190338,0.637315525
2012/7/3,0.008384966,0.241025192,0.617118701,-0.643512604
2012/7/5,1.34E-05,0.120671832,0.095638598,-0.407694781
2012/7/6,-0.013119433,0.140175087,-0.133079724,0.431753824
2012/7/9,-0.001894669,0.115003686,-0.263010842,0.519913943
2012/7/10,-0.010092474,0.028372278,0.120133842,-0.21414073
2012/7/11,-0.004956567,0.15774085,0.276217159,-0.469855466
2012/7/12,-0.007573674,0.177847661,-0.445381837,0.825012768
2012/7/13,0.014643548,0.296774401,-0.354249919,0.84591902
2012/7/16,-0.003972162,0.52107055,0.573912317,0.41864468
2012/7/17,0.004511819,0.69583592,0.719875322,0.856052913
2012/7/18,0.011126717,0.714041068,0.312718014,1.334133593
2012/7/19,0.007886983,0.527851667,0.577932772,0.361450493
2012/7/20,-0.013783488,0.371271839,0.324471157,0.363011773
2012/7/23,-0.012088636,0.269523441,0.873900605,-0.202153916
2012/7/24,-0.009441871,0.254814435,-0.439483797,1.492075432
2012/7/25,-0.003060925,0.307345665,0.547436441,0.045470508
2012/7/26,0.01357483,0.283087565,0.665390599,-0.23524925
2012/7/27,0.022163352,0.22197624,0.453462366,-0.108058843
2012/7/30,-0.004149784,0.267164157,-0.039929198,1.189936478
2012/7/31,-0.002147703,0.265684027,0.238013792,0.539476672
2012/8/1,-0.006590771,0.185591301,0.650735259,-0.300812015
2012/8/2,-0.003581491,0.199789485,0.335252259,-0.387247387
2012/8/3,0.019780592,0.239495555,0.045786369,0.397899695
2012/8/6,0.007388655,0.295951211,0.024516675,0.620435172
2012/8/7,0.008641743,0.283482645,0.722526377,-0.42401721
2012/8/8,-0.001529755,0.311898602,0.391156834,0.109420732
2012/8/9,0.002451124,0.284350686,0.651414128,-0.194281157
2012/8/10,0.00073516,0.219925149,0.316053276,0.043364966
2012/8/13,0.000549361,0.110538342,0.599516004,-0.251464965
2012/8/14,-0.001834589,0.182980343,0.588275477,-0.65308726
2012/8/15,0.004613172,0.166093091,-0.458408444,0.772514773
2012/8/16,0.010326154,0.192281651,-0.053347279,0.569803068
2012/8/17,0.004626184,0.316039024,0.100134502,0.879626667
2012/8/20,-0.000123521,0.308540252,0.443902887,0.438724337
2012/8/21,-0.002913665,0.272936528,0.043421712,0.994700866
2012/8/22,0.002087632,0.241875748,0.213074655,0.428564485
2012/8/23,-0.006616564,0.254217608,0.823060503,0.684108573
2012/8/24,0.005353432,0.356833702,0.924230155,0.344821579
2012/8/27,0.001106955,0.410838084,0.123132384,0.951795677
2012/8/28,0.001284484,0.396232913,0.619428574,0.366895167
2012/8/29,0.001315292,0.293558579,0.497171423,0.185418933
2012/8/30,-0.010597336,0.091089652,0.408371024,-0.195342773
2012/8/31,0.005968293,0.180891546,0.373241439,0.04149424
2012/9/4,0.00263757,0.229345309,0.098955854,0.56016764
2012/9/5,-0.001884665,0.278828408,1.429987771,-0.49049564
2012/9/6,0.021447766,0.305416701,1.110002545,-0.626187307
2012/9/7,0.000194508,0.372696157,0.748519386,-0.057534375
2012/9/10,-0.010383976,0.371464671,0.752133199,0.125976178
2012/9/11,0.00016429,0.384748703,0.504276823,-0.039025434
2012/9/12,0.003145284,0.378667442,0.505537171,0.027285524
2012/9/13,0.013243917,0.297532586,0.528007738,-0.153743054
2012/9/14,0.008871028,0.20405691,0.294025837,-0.022655754
2012/9/17,-0.001659694,0.044694723,-0.061766987,0.445031398
2012/9/18,-0.000273737,0.133503709,0.040378917,0.671273931
2012/9/19,0.001515623,0.218479409,-0.884991342,1.243856374
2012/9/20,-0.002094808,0.270992377,-0.886619146,1.590081622
2012/9/21,0.001258669,0.392600263,-0.303873117,1.817180018
2012/9/24,-0.006049786,0.315255069,0.178771928,0.908592423
2012/9/25,-0.01371366,0.241324587,-0.154208109,1.170083787
2012/9/26,-0.007737387,0.206800071,0.529105878,0.141476109
2012/9/27,0.013771625,0.237660475,0.609413205,0.015194553
2012/9/28,-0.006515473,0.378821515,1.45069293,-0.428316879
2012/10/1,-0.000866807,0.406045618,1.111480538,-0.325923155
2012/10/2,0.002088692,0.407757508,1.044355134,-0.029657494
2012/10/3,0.004856714,0.345956353,0.867549284,0.054062241
2012/10/4,0.004528473,0.333963456,1.529986844,-0.312359985
2012/10/5,-0.004222322,0.326580652,0.801599119,0.096544164
2012/10/8,-0.00763062,0.324837259,0.84072221,0.126858368
2012/10/9,-0.015323973,0.181819078,0.511794143,-0.299999039
2012/10/10,-0.004329068,0.235059122,0.336863493,0.129860878
2012/10/11,-0.000776898,0.227810754,0.18377382,0.298139942
2012/10/12,-0.001739553,0.249692034,0.007082058,0.432693873
2012/10/15,0.006571421,0.221147664,-0.240985297,0.743290018
2012/10/16,0.011999463,0.138567328,0.015342585,0.408120546
2012/10/17,0.000950802,0.203345241,-0.040043666,0.53271733
2012/10/18,-0.010118283,0.159986812,-0.13787596,0.464746938
2012/10/19,-0.022128109,0.130599944,-0.309394244,1.305454669
2012/10/22,0.003765832,0.260434004,-0.180454861,0.837420288
2012/10/23,-0.00882248,0.288650601,-1.623528918,1.965982832
2012/10/24,-0.002933614,0.242063846,-1.344921364,1.103640922
2012/10/25,0.001481278,0.280371046,-0.142834316,0.590110881
2012/10/26,0.000612648,0.221281507,-0.012487595,0.376082003
2012/10/31,-0.003594195,0.295228575,0.721860037,0.078092103
2012/11/1,0.014283361,0.21879844,0.808312595,-0.096069911
2012/11/2,-0.012638888,0.27771654,1.884100902,-0.875687148
2012/11/5,0.005861139,0.550353919,2.728070799,-1.339454341
2012/11/6,0.00408212,0.598399651,0.895003858,0.402660791
2012/11/7,-0.025093682,0.475035762,1.867155941,-0.176204911
2012/11/8,-0.014301951,0.269742561,0.4817037,0.251229488
2012/11/9,0.003203202,0.112668468,0.469256696,-0.009340185
2012/11/12,-0.000213457,0.197253768,0.037739437,0.348655345
2012/11/13,-0.007035104,0.188401262,-0.111560601,0.444066136
2012/11/14,-0.012941008,0.200531143,-0.019084483,0.612077753
2012/11/15,-0.003473063,0.195390359,0.309198153,0.105821836
2012/11/16,0.005690631,0.278011072,-0.270980578,1.00811612
2012/11/19,0.021820182,0.30894178,-0.444006938,1.320004804
2012/11/20,0.000209164,0.412710695,0.112551122,0.912201314
2012/11/21,0.003378272,0.370593428,-0.213727055,0.748019596
2012/11/23,0.013676529,0.289874612,-0.266874705,0.798446481
2012/11/26,0.003341395,0.298488321,-0.160801,0.665232137
2012/11/27,-0.003024611,0.231716121,0.712813798,-0.323460187
2012/11/28,0.00805096,0.36388542,0.578343993,0.034308065
2012/11/29,0.006745742,0.35501287,0.425370879,0.134930287
2012/11/30,-0.00059446,0.340263452,0.121747794,0.500496165
2012/12/3,-0.002674457,0.230812053,-0.060894622,0.437609044
2012/12/4,-0.001837007,0.110934027,0.508331419,-0.152820366
2012/12/5,-0.007701378,0.256896842,0.081022032,0.27181934
2012/12/6,0.005222242,0.337600978,0.163093813,0.624867505
2012/12/7,-0.003763844,0.310467851,1.264820309,-0.397452393
2012/12/10,0.002990782,0.31818523,0.691911151,0.177496498
2012/12/11,0.011761983,0.364111621,0.927620691,0.044565844
2012/12/12,-0.002813072,0.384856086,0.717264792,0.454672305
2012/12/13,-0.007209524,0.351390906,0.268202585,0.517979303
2012/12/14,-0.006985871,0.275737114,0.835094102,-0.194833655
2012/12/17,0.01312973,0.281106307,0.195747529,0.340239831
2012/12/18,0.01448634,0.315505949,-0.022233263,0.612788433
2012/12/19,-0.003335036,0.2925722,-0.031118218,0.736802411
2012/12/20,0.001978753,0.335614627,-0.193516961,0.816557646
2012/12/21,-0.009678239,0.134169386,-0.513051964,0.784546629
2012/12/24,-0.002787719,-0.026658857,-0.606753095,0.62286456
2012/12/26,-0.007476596,0.037622823,-0.229704004,0.265613212
2012/12/27,-0.00142234,0.038313888,-0.429776623,0.579956823
2012/12/28,-0.008610565,0.136119717,-0.050614347,0.423165044
2012/12/31,0.019800574,0.166833947,-0.38826193,0.839226793
2013/1/2,0.030254584,0.165693956,0.213214407,0.021931045
2013/1/3,-0.003763185,0.133380313,0.319423593,-0.00823265
2013/1/4,0.000351486,0.116579945,0.003182727,0.500102407
2013/1/7,-0.000919285,0.204161359,0.039599278,0.469924926
2013/1/8,-0.002261487,0.19700648,0.228910221,0.450320692
2013/1/9,0.004517871,0.249098854,0.460769306,0.033006752
2013/1/10,0.005122394,0.37595045,0.774483253,0.125893685
2013/1/11,0.001242117,0.416168186,0.414666299,0.580383384
2013/1/14,-0.002607664,0.438669475,0.786874184,0.348582188
2013/1/15,-0.0021579,0.404802471,1.566223019,-0.29394939
2013/1/16,0.002170731,0.319923827,1.533432938,-0.5726774
2013/1/17,0.005903873,0.193896659,0.326820618,0.160678032
2013/1/18,-0.000411437,0.225971992,-0.271327105,0.828467979
2013/1/22,0.00269836,0.237567657,-0.436216333,0.774828737
2013/1/23,0.003331828,0.29851587,-0.462541506,0.885347488
2013/1/24,-0.007412451,0.159409347,-0.390128502,0.508937991
2013/1/25,0.006155982,0.108070556,-0.354573494,0.656512793
2013/1/28,0.001456216,0.115525571,-0.175689265,0.522727908
2013/1/29,-0.000202918,0.04255933,-0.451082413,0.693793716
2013/1/30,-0.003605485,0.033299442,-0.272488808,0.442685518
2013/1/31,-5.73E-05,-0.077426787,-0.489878952,0.15079759
2013/2/1,0.011697224,-0.070708369,-0.145322514,-0.115445953
2013/2/4,-0.015191401,0.102917599,-0.237655213,0.691431805
2013/2/5,0.01282315,0.20326578,-0.275526852,0.891990511
2013/2/6,-0.000977909,0.198100676,0.234382036,0.18255133
2013/2/7,-0.001057849,0.191501264,0.672602706,0.108834345
2013/2/8,0.009039219,0.250436334,0.513971814,-0.094825488
2013/2/11,-0.000585668,0.279104694,0.735388551,0.028925381
2013/2/12,-0.001727682,0.289157863,0.041089082,0.508000332
2013/2/13,0.003255337,0.29489595,0.400948917,0.264588401
2013/2/14,0.000556638,0.40214196,1.081115769,-0.265707364
2013/2/15,-0.002074894,0.368387961,0.689252819,0.054877115
2013/2/19,0.006731614,0.391158052,0.604638792,0.352275821
2013/2/20,-0.015422068,0.447294998,0.45588327,0.629959415
2013/2/21,-0.010457695,0.39337776,0.358377668,0.654412997
2013/2/22,0.009638882,0.189969892,0.350770336,0.138403596
2013/2/25,-0.014517455,0.073729327,-0.130986947,0.233648598
2013/2/26,0.004290821,0.043638416,-0.301854519,0.715741057
2013/2/27,0.010365785,0.135025429,-0.266487531,0.514097245
2013/2/28,-0.000654809,0.103842367,-0.204779208,0.554427926
2013/3/1,0.003017413,0.001045578,-0.135456336,0.075676399
2013/3/4,0.003869792,0.047505844,-0.321539022,0.432503943
2013/3/5,0.013143789,0.119263023,-0.291540151,0.760379337
2013/3/6,-0.000546033,0.06410187,-0.387746875,0.583622591
2013/3/7,0.003011873,0.017447275,-0.138250244,0.25340709
2013/3/8,0.0037922,0.062734467,-0.10958037,0.18948627
2013/3/11,0.002616497,0.307104051,0.314297417,0.608375113
2013/3/12,-0.003248561,0.313022092,0.120744378,0.695834566
2013/3/13,0.000863206,0.299326708,0.416297525,0.185862675
2013/3/14,0.004246591,0.222561586,0.279600857,0.177825008
2013/3/15,-0.003030119,0.268437239,0.557948857,-0.068067219
2013/3/18,-0.003539576,0.283631282,0.68129765,-0.245107438
2013/3/19,-0.002625765,0.353089858,0.411685508,0.399937489
2013/3/20,0.007739936,0.435778113,0.167845357,0.546922074
2013/3/21,-0.00975491,0.486787193,0.22739346,0.681908985
2013/3/22,0.006926863,0.484925539,0.148048766,0.592504469
2013/3/25,-0.002993691,0.36494367,0.41327934,0.352979931
2013/3/26,0.005296123,0.29531745,0.730136514,0.488294721
2013/3/27,0.001241358,0.175584892,0.145471296,0.341682038
2013/3/28,0.003372147,0.101466255,0.375008194,0.138965036
2013/4/1,-0.008714163,0.006024039,-0.146430985,0.319050558
2013/4/2,0.00483214,-0.0225365,-0.046127329,0.144709323
2013/4/3,-0.011202782,0.105700348,-0.166012529,0.467795282
2013/4/4,0.001980266,0.070380941,-0.112369798,0.302557294
2013/4/5,-0.006570416,0.04931305,0.136732963,-0.083876105
2013/4/8,0.00572354,0.144661294,0.095416706,0.249500009
2013/4/9,0.004832744,0.131054249,0.244093165,-0.084470698
2013/4/10,0.01817617,0.135951055,-0.144292686,0.815504709
2013/4/11,0.000882164,0.182361976,0.298433653,-0.028828833
2013/4/12,-0.001579959,0.103493398,0.27759396,-0.114837867
2013/4/15,-0.02410029,0.174013017,-0.139217766,0.506144386
2013/4/16,0.01485573,0.224764165,0.005714784,0.502488852
2013/4/17,-0.018537312,0.327342043,-0.222651089,0.899139044
2013/4/18,-0.012026458,0.335427773,0.055008965,0.516253966
2013/4/19,0.012460106,0.407853669,0.126639576,0.19622969
2013/4/22,0.008537836,0.404008364,-0.025207215,0.724147965
2013/4/23,0.011004466,0.379847772,0.10774234,0.707536316
2013/4/24,9.79E-05,0.341711102,0.187675452,0.710703098
2013/4/25,0.00620158,0.353038699,0.447180003,0.266328234
2013/4/26,-0.003266738,0.306863398,0.133765631,0.614989796
2013/4/29,0.008429695,0.1959308,0.294898641,0.145659686
2013/4/30,0.006561393,0.181991121,0.283468632,0.437559339
2013/5/1,-0.008950077,0.143341409,0.593474022,-0.060888356
2013/5/2,0.012497621,0.067665024,0.157949252,-0.029673263
2013/5/3,0.011313883,0.062161015,0.072085403,0.032989989
2013/5/6,0.004235342,0.080353542,0.261381767,-0.037217442
2013/5/7,0.00107812,0.064865456,0.26986333,-0.165122868
2013/5/8,0.004887012,0.081897879,0.075383722,0.022804058
2013/5/9,-0.001201916,0.186037681,0.346186963,0.361953548
2013/5/10,0.008007931,0.130747626,0.25027948,0.060523122
2013/5/13,0.000642875,0.013965242,0.076039583,-0.049968756
2013/5/14,0.006902975,0.062889974,-0.283589463,0.579860501
2013/5/15,0.002598704,0.199515313,-0.213125412,0.620647266
2013/5/16,-0.001839449,0.176538155,-0.502014969,0.731704361
2013/5/17,0.009686745,0.358951354,-0.321005494,0.808675265
2013/5/20,-0.000726192,0.396078864,-0.488937184,1.249104767
2013/5/21,0.001626051,0.350954142,-0.108846539,0.810982626
2013/5/22,-0.011146608,0.326481782,0.309913824,0.418414527
2013/5/23,-0.001120947,0.369288491,0.173391985,0.605617892
2013/5/24,-8.09E-05,0.349534573,0.483203105,0.189464244
2013/5/28,0.008563631,0.211715016,0.063923036,0.430500372
2013/5/29,-0.006143993,0.260801143,0.09875518,0.818440872
2013/5/30,0.006834519,0.324057938,0.425811659,0.331104253
2013/5/31,-0.010188351,0.25943392,0.396058641,0.126822011
2013/6/3,0.0027336,0.151070406,0.492117032,-0.131648839
2013/6/4,-0.005820036,0.229942143,0.817274873,-0.275180614
2013/6/5,-0.012788742,0.109747279,0.579259261,-0.304632715
2013/6/6,0.00661343,0.052855512,0.242264603,0.174209924
2013/6/7,0.013105724,0.179466395,0.209255422,0.288551902
2013/6/10,0.001310675,0.102284159,0.328759131,0.29710752
2013/6/11,-0.010656009,0.108883432,-0.032773193,0.199349434
2013/6/12,-0.010682556,0.117443486,0.098125646,0.143301428
2013/6/13,0.013126504,0.143007552,-0.267032134,0.647586677
2013/6/14,-0.006347453,0.148849977,-0.618548116,0.807442564
2013/6/17,0.008310486,0.212409724,-0.655339006,0.866216167
2013/6/18,0.008667103,0.290089648,-0.347937505,0.988695666
2013/6/19,-0.011257263,0.213894584,0.034242683,0.286607093
2013/6/20,-0.023080298,0.14731091,-0.124139203,0.401319085
2013/6/21,-0.002198787,0.330482348,-0.125445688,0.726183799
2013/6/24,-0.010928514,0.315708614,0.022176317,0.610208048
2013/6/25,0.008136624,0.225134176,0.257176035,0.029007415
2013/6/26,0.008426444,0.288268688,0.244164961,0.593389851
2013/6/27,0.0075656,0.323228726,0.385366764,0.846834305
2013/6/28,0.000408517,0.292493603,0.40108057,0.367376574
2013/7/1,0.009137586,0.283653164,0.599846218,-0.038441448
2013/7/2,-0.000317419,0.349433015,0.398543127,0.098437048
2013/7/3,0.002986739,0.391288321,0.75943961,-0.24822348
2013/7/5,0.010316354,0.435240404,0.740327084,0.079956179
2013/7/8,0.001565146,0.462590831,0.97835476,0.091777577
2013/7/9,0.005560109,0.399851347,0.804531744,0.367146025
2013/7/10,0.004697504,0.180420137,0.467364598,0.346294151
2013/7/11,0.016210952,0.180846594,0.440814189,0.240848092
2013/7/12,0.00606824,0.171877961,-0.11713548,0.50577255
2013/7/15,0.002056172,0.025938941,-0.842604599,0.751825072
2013/7/16,-0.002495148,0.154255066,-0.33390248,0.345606644
2013/7/17,0.00319068,0.184336914,-0.109288798,0.109852293
2013/7/18,0.000354508,0.231763244,0.354927605,-0.110040011
2013/7/19,-0.006576038,0.307873249,0.416132164,0.065392054
2013/7/22,0.00355593,0.279156014,-0.215771074,0.535685562
2013/7/23,-0.005883304,0.22935177,-0.20305503,0.297974903
2013/7/24,9.22E-05,0.13477181,0.007490212,-0.308148449
2013/7/25,0.007123412,0.118854059,-0.124963777,0.531609007
2013/7/26,0.002208262,0.295323512,0.238162377,0.590394168
2013/7/29,-0.003887808,0.342237921,0.156286775,0.541009373
2013/7/30,0.004803484,0.334767141,0.198943912,0.277200637
2013/7/31,0.002733736,0.383181245,0.733300594,0.117721575
2013/8/1,0.013522325,0.413367357,0.650647994,-0.071786486
2013/8/2,0.003760868,0.418267373,0.68024379,0.334737964
2013/8/5,0.000910256,0.459663545,0.653607766,0.441316229
2013/8/6,-0.007387188,0.391318083,0.35531872,0.407377471
2013/8/7,-0.003213214,0.390670779,0.376402591,0.273064335
2013/8/8,0.004126657,0.474516509,0.909131535,0.240690538
2013/8/9,-0.00245865,0.524353592,1.008231826,0.463068774
2013/8/12,0.002684836,0.453237387,0.606467918,0.318862881
2013/8/13,0.003940509,0.307299393,0.375032831,0.148809209
2013/8/14,-0.004125814,0.204944571,0.099542519,0.216159031
2013/8/15,-0.01736033,0.1725892,-0.131218078,0.424124066
2013/8/16,-0.000926632,0.141876357,0.026631999,0.124572801
2013/8/19,-0.003807081,0.119819933,-0.11086881,0.215822865
2013/8/20,0.00680305,0.043051017,-0.346531259,0.283458229
2013/8/21,-0.003826228,0.031682118,-0.069996783,-0.10564122
2013/8/22,0.010753713,0.175928889,0.115045457,0.286587662
2013/8/23,0.005229917,0.195735321,0.293576562,0.234778564
2013/8/26,-6.01E-05,0.214558952,-0.108175556,0.420739131
2013/8/27,-0.021849685,0.235972463,-0.084119877,0.120505114
2013/8/28,0.004135608,0.309949128,0.211904827,0.132670537
2013/8/29,0.00747198,0.467292257,0.6547203,0.086804751
2013/8/30,-0.008440905,0.504684776,0.507379618,0.475306782
2013/9/3,0.006314513,0.47249028,0.757920035,0.100376728
2013/9/4,0.010033616,0.395559167,0.556212063,0.210704468
2013/9/5,0.002665639,0.398135247,0.44352639,-0.078987984
2013/9/6,0.000336121,0.482241608,0.816007315,-0.025699853
2013/9/9,0.012535817,0.522404265,0.765636625,0.591884486
2013/9/10,0.006143768,0.382866828,-0.125180204,0.939347339
2013/9/11,-0.001075928,0.448699339,0.591778802,-0.19925563
2013/9/12,-0.002429789,0.494636233,0.653174505,0.093456898
2013/9/13,0.00166977,0.44740116,0.647316111,0.318998969
2013/9/16,-0.001163974,0.430242677,0.910232813,-0.09918606
2013/9/17,0.007462971,0.1867419,0.402210622,-0.189416858
2013/9/18,0.010077994,0.025649584,-0.213618821,0.173896876
2013/9/19,0.001515908,0.000523475,-0.447559784,0.400390587
2013/9/20,-0.00387356,0.000604964,-0.500015999,0.396872364
2013/9/23,-0.002503973,0.074766242,0.209727939,0.399108973
2013/9/24,0.000785819,0.09576816,0.084751285,0.146477747
2013/9/25,-0.001899235,0.139089891,0.042158519,0.078330601
2013/9/26,0.006976221,0.269038195,0.550723922,-0.301124493
2013/9/27,-0.001543133,0.339377745,0.289105819,0.1589389
2013/9/30,-0.002677059,0.39855243,0.066895973,0.502516635
2013/10/1,0.01225399,0.365247674,0.463134998,0.040632828
2013/10/2,-0.00077558,0.207381417,0.135963523,0.207928459
2013/10/3,-0.010720374,0.362868238,0.302766035,0.464349206
2013/10/4,0.008812931,0.503820478,0.480385352,0.45336993
2013/10/7,-0.009862671,0.56741476,0.609983921,0.384693606
2013/10/8,-0.020241247,0.369256193,0.446226456,0.501621936
2013/10/9,-0.004625236,0.397994232,0.442471061,-0.199948526
2013/10/10,0.022309096,0.501654268,0.793982187,-0.302843611
2013/10/11,0.008240896,0.507118273,0.314885168,0.893249366
2013/10/14,0.006154755,0.382167518,0.543356818,0.521982148
2013/10/15,-0.005590549,0.318242839,0.380747146,0.063820021
2013/10/16,0.011900411,0.310283273,0.30133788,-0.177246413
2013/10/17,0.006158995,0.210970429,0.029518414,-0.115664372
2013/10/18,0.013148492,0.174942628,0.174653371,0.132659002
2013/10/21,0.001473004,0.105858754,0.220566296,0.25894473
2013/10/22,0.002425596,0.109693126,0.087998074,-0.006588811
2013/10/23,-0.005742273,0.099649554,-0.210739421,0.387642627
2013/10/24,0.005587027,0.109832088,-0.373646846,0.313112873
2013/10/25,0.003658392,0.217600682,0.392659762,0.02671721
2013/10/28,-0.000819434,0.230582739,0.098377545,0.266541708
2013/10/29,0.003094091,0.282444629,0.426178314,0.118804012
2013/10/30,-0.005510634,0.240490397,0.215147708,0.167253835
2013/10/31,-0.002779503,0.169072866,-0.074440095,0.170197889
2013/11/1,0.000594255,0.37052706,0.146315536,0.439698976
2013/11/4,0.00370294,0.56775526,0.584146203,0.389354428
2013/11/5,0.000830323,0.433911734,-0.281687323,1.015645281
2013/11/6,-0.002009704,0.45204499,0.461087393,0.545837037
2013/11/7,-0.019160252,0.442973124,0.413010146,0.344501553
2013/11/8,0.015919972,0.444970698,0.557411134,0.039273127
2013/11/11,0.000142875,0.334929422,0.729232995,0.005402068
2013/11/12,3.32E-05,0.298205588,0.412715728,-0.12903133
2013/11/13,0.011578357,0.37352915,0.484606833,0.036127732
2013/11/14,0.00180643,0.347251271,0.627729543,-0.242754938
2013/11/15,0.003324662,0.24854895,0.118973084,0.889618055
2013/11/18,-0.009300587,0.186465072,0.324349091,0.480299031
2013/11/19,-0.004446358,0.247206098,0.415569659,-0.419694615
2013/11/20,-0.002618169,0.195086599,0.145451805,0.287469898
2013/11/21,0.012138904,0.276569638,0.484690732,-0.457439496
2013/11/22,0.005650194,0.186745816,0.241577987,0.003354333
2013/11/25,0.00073126,0.102878703,-0.075365303,0.798420356
2013/11/26,0.005786106,0.179554046,0.030310383,0.296930437
2013/11/27,0.006697699,0.127102258,-0.324111162,0.500833436
2013/11/29,0.003736136,0.105750937,-0.322890609,0.563389054
2013/12/2,-0.003610054,0.127054273,0.04625144,0.235353378
2013/12/3,-0.001994443,0.266360276,0.302593096,0.248947264
2013/12/4,0.000198138,0.355411743,0.11893077,0.309818049
2013/12/5,-0.001199332,0.560580049,0.503493775,0.347860385
2013/12/6,0.007253283,0.607796583,0.278855189,0.866505856
2013/12/9,0.001532356,0.552540947,0.370879527,0.533490517
2013/12/10,-0.002032171,0.417401087,0.430549046,0.314177779
2013/12/11,-0.014057248,0.317723356,0.294174013,0.350724181
2013/12/12,-0.001352127,0.210297049,-0.055058536,0.651822414
2013/12/13,0.000642551,0.097176415,-0.187539901,0.157460081
2013/12/16,0.00711043,0.163867004,0.779516236,-0.171443882
2013/12/17,-0.001450355,0.25649109,0.519471874,0.338666359
2013/12/18,0.011460835,0.289205315,0.506900473,0.133102794
2013/12/19,-0.002933001,0.264516521,0.369528692,0.087800128
2013/12/20,0.011417663,0.257816893,0.204638761,0.343178343
2013/12/23,0.010700835,0.350015884,0.57580875,-0.106423518
2013/12/24,0.001570267,0.372835624,0.581088091,0.087180702
2013/12/26,0.002826042,0.429594719,0.621510226,0.036828074
2013/12/27,-0.002544521,0.421845092,0.289180667,-0.200804681
2013/12/30,-0.000575156,0.389967323,0.221618893,0.181987616
2013/12/31,0.005375253,0.421354415,0.214293878,0.377339991
2014/1/2,-0.008058065,0.449391999,0.42840168,0.100350441
2014/1/3,-0.002697289,0.283044006,0.019103121,0.21741759
2014/1/6,-0.004421765,0.229039882,0.257123016,0.207684774
2014/1/7,0.009556301,0.324287133,-0.154694811,0.598992522
2014/1/8,0.002988418,0.325839004,0.269283746,0.689736551
2014/1/9,-0.002263934,0.430774529,0.642734926,0.299004739
2014/1/10,0.004434129,0.479926087,0.734007852,-0.213015401
2014/1/13,-0.014807292,0.554121049,-0.012273434,1.025396983
2014/1/14,0.016807848,0.383710235,-0.132726544,0.303215767
2014/1/15,0.007587648,0.287733258,0.261846634,0.220920863
2014/1/16,0.000903532,0.367586221,0.20260904,0.656883985
2014/1/17,-0.005016485,0.375582842,0.428407136,0.458682066
2014/1/21,0.006690958,0.158761962,0.295481292,0.315374576
2014/1/22,0.00407144,0.244060406,0.282257502,0.848017746
2014/1/23,-0.005700876,0.326204828,0.669073585,0.287330799
2014/1/24,-0.02173548,0.377595622,0.770808044,0.521035201
2014/1/27,-0.010852808,0.438985493,0.792415114,0.150723112
2014/1/28,0.003507888,0.378294902,0.388730211,0.170417486
2014/1/29,-0.011419384,0.372897163,0.573465804,-0.172458747
2014/1/30,0.017540253,0.51070398,0.602593345,0.09888354
2014/1/31,-0.004677291,0.574766846,0.640552315,0.224996712
2014/2/3,-0.026398796,0.500986319,0.378793296,-0.099406189
2014/2/4,0.008609404,0.389293437,0.545592807,-0.586409005
2014/2/5,-0.004965776,0.405023693,-0.011531448,0.209203194
2014/2/6,0.011295662,0.383367623,0.042819015,0.051440621
2014/2/7,0.016801121,0.228799463,0.154955683,0.355808284
2014/2/10,0.00539279,0.252583191,0.078619948,0.427616804
2014/2/11,0.010284026,0.380097089,0.226139667,0.361667397
2014/2/12,0.002440322,0.316663355,0.154095464,0.441739677
2014/2/13,0.009329655,0.324119888,0.424085554,0.407629942
2014/2/14,0.000789658,0.396082046,0.550716591,0.412214383
2014/2/18,0.006753736,0.427960419,0.143123217,0.858839176
2014/2/19,-0.008185008,0.428293415,0.454249155,0.302963177
2014/2/20,0.00696023,0.342056248,0.087139322,0.874668375
2014/2/21,-0.000970583,0.327045099,0.3278544,0.504645504
2014/2/24,0.006909492,0.438206055,0.614508027,0.67882809
2014/2/25,-0.001253998,0.400044914,0.759187661,0.530563998
2014/2/26,0.001042001,0.370421987,0.492950002,0.61984907
2014/2/27,0.006240882,0.227645261,0.599016453,-0.146011123
2014/2/28,-0.002506072,0.436263334,0.603662101,0.270880913
2014/3/3,-0.007179645,0.535440494,0.38706291,0.637389619
2014/3/4,0.017306647,0.474996874,0.345224953,0.312939547
2014/3/5,0.001377736,0.323636742,0.550086931,-0.103286564
2014/3/6,-0.00134327,0.484429756,0.301669538,-0.188179026
2014/3/7,-0.003660082,0.500080145,0.610186862,0.08778692
2014/3/10,-0.000408273,0.434787808,0.583855692,-0.480444318
2014/3/11,-0.006309009,0.283230742,0.421276063,-0.558839948
2014/3/12,0.003740219,0.204755743,-0.197528532,0.255821927
2014/3/13,-0.014658192,0.139789156,-0.185280731,-0.232758837
2014/3/14,-0.003531703,0.211876784,-0.034582238,0.256017804
2014/3/17,0.008105283,0.29629878,0.229297344,0.636553963
2014/3/18,0.012390357,0.307006777,0.076700922,0.642341783
2014/3/19,-0.00595078,0.262254065,0.488973344,0.298880633
2014/3/20,0.002710132,0.421198464,0.679299572,0.742776962
2014/3/21,-0.009888309,0.347143103,0.512516002,0.366836928
2014/3/24,-0.011854527,0.36186048,0.328839108,0.621005275
2014/3/25,0.001862739,0.431051018,0.426663548,0.507871986
2014/3/26,-0.014436759,0.434592423,0.266978616,0.630123924
2014/3/27,-0.005369505,0.423479993,0.819877705,0.129653263
2014/3/28,0.001090648,0.534416088,0.692341731,0.499415669
2014/3/31,0.010348696,0.524486738,0.617182198,0.600699106
2014/4/1,0.016310685,0.459588384,0.31877362,0.619739516
2014/4/2,0.001970859,0.234550639,0.418118622,-0.011429766
2014/4/3,-0.009095456,0.255370976,0.033938711,0.29271078
2014/4/4,-0.026302489,0.373745402,0.203442436,0.336218643
2014/4/7,-0.011691907,0.308962965,0.430264341,-0.113491503
2014/4/8,0.008114546,0.326224608,0.30841912,0.157857819
2014/4/9,0.017093568,0.374141219,0.217112966,0.133551697
2014/4/10,-0.031512645,0.259605138,-0.06931109,-0.011825452
2014/4/11,-0.013504323,0.367467043,0.561899942,-0.266637941
2014/4/14,0.005723974,0.356236746,0.46981663,-0.15617795
2014/4/15,0.002847269,0.202075736,-0.070836969,0.522267176
2014/4/16,0.012822236,0.135064929,-0.20582229,0.286891588
2014/4/17,0.002273356,0.220686066,0.003623374,0.672595629
2014/4/21,0.006335613,0.361218828,0.271564895,0.6790993
2014/4/22,0.009636668,0.398386021,0.512801874,0.470595913
2014/4/23,-0.008322493,0.308347041,0.723037021,0.255587492
2014/4/24,0.005164773,0.381612698,0.366877171,0.525950781
2014/4/25,-0.017700094,0.345042469,0.937661328,-0.493625459
2014/4/28,-0.000284664,0.370278561,0.495049951,0.333558496
2014/4/29,0.007126519,0.373223333,0.322112699,0.306661833
2014/4/30,0.002681887,0.423461711,0.264449746,0.489819928
2014/5/1,0.00312788,0.399681605,0.856026935,0.131960287
2014/5/2,-0.000860465,0.471384001,0.579726393,0.446537117
2014/5/5,0.003427761,0.358281997,0.653549463,0.227188024
2014/5/6,-0.013943833,0.255201561,0.628625894,-0.185110326
2014/5/7,-0.003212892,0.148462295,0.324066694,-0.140601314
2014/5/8,-0.003983171,0.222792381,-0.013128782,0.336136084
2014/5/9,0.00501517,0.166460885,-0.500969762,0.692402852
2014/5/12,0.017525367,0.176470676,-0.090576101,0.26297426
2014/5/13,-0.003311573,0.277400306,0.34956857,-0.002859436
2014/5/14,-0.007175527,0.391401829,0.247541569,-0.082501018
2014/5/15,-0.007672083,0.338515427,0.113742855,0.378301226
2014/5/16,0.005220677,0.362784171,0.223653055,0.316983618
2014/5/19,0.00857315,0.356754796,0.487939834,0.081249031
2014/5/20,-0.007034215,0.30823908,0.380322452,0.369868682
2014/5/21,0.00842207,0.267707062,0.199065125,0.328705784
2014/5/22,0.005503352,0.194009072,-0.105784927,0.827352304
2014/5/23,0.007546663,0.269429352,0.658003787,-0.118455086
2014/5/27,0.012171759,0.403273783,0.713445718,0.160003293
2014/5/28,-0.002836164,0.300128459,0.475108496,0.233239701
2014/5/29,0.005400685,0.317369976,0.465132088,-0.034345644
2014/5/30,-0.001255511,0.288324702,0.427673541,0.008906408
2014/6/2,-0.001278329,0.347496178,0.081746458,0.628173825
2014/6/3,-0.000736607,0.414618141,0.607570264,0.091545264
2014/6/4,0.004138724,0.372445166,0.730201383,0.133544131
2014/6/5,0.010433103,0.373952602,0.678608414,0.146393277
2014/6/6,0.00584153,0.444300294,0.502232293,0.332414033
2014/6/9,0.003428189,0.204233294,0.048064051,0.29253076
2014/6/10,0.000405799,0.14660988,0.018305305,0.535121826
2014/6/11,-0.001400242,0.135985083,0.107116817,0.156081074
2014/6/12,-0.007949462,0.13022484,0.125031916,0.182124936
2014/6/13,0.003024997,0.290179801,-0.241170649,0.757371358
2014/6/16,0.002421295,0.342258522,-0.190864363,1.179626454
2014/6/17,0.003725896,0.340197943,0.19040136,0.453615787
2014/6/18,0.005887326,0.441972408,0.639545442,-0.362572122
2014/6/19,-0.000804846,0.407271902,0.438315454,0.488172536
2014/6/20,0.00199602,0.356422338,0.373900043,0.475717506
2014/6/23,0.000146508,0.311368774,0.607045142,-0.233618074
2014/6/24,-0.004204602,0.337356435,0.408975312,0.259337961
2014/6/25,0.006737627,0.373355567,0.375937161,0.280931787
2014/6/26,-0.000162122,0.281954844,0.379216876,0.077073125
2014/6/27,0.00430217,0.215438475,0.643861215,-0.226364321
2014/6/30,0.00232793,0.323611968,0.210078577,0.425893828
2014/7/1,0.011384124,0.215366402,0.588037537,-0.2792019
2014/7/2,-0.000206362,0.172835476,0.492550563,-0.136851952
2014/7/3,0.006306164,0.202217495,0.672915956,-0.140398743
2014/7/7,-0.007697975,0.30238964,-0.02714342,0.670703457
2014/7/8,-0.013586111,0.224341984,0.031174151,0.215925444
2014/7/9,0.006258469,0.308011463,0.077197145,0.467198555
2014/7/10,-0.005179684,0.345863971,0.247013991,0.591952898
2014/7/11,0.004378282,0.277338625,0.385177875,0.178042451
2014/7/14,0.005630153,0.141894426,0.058611135,0.340343006
2014/7/15,-0.005426346,0.260912963,-0.11650543,0.73573442
2014/7/16,0.002166843,0.232833172,0.166554653,0.290455081
2014/7/17,-0.014226435,0.160224248,0.09740883,0.241858417
2014/7/18,0.015621765,0.330703702,-0.014697926,0.807804238
2014/7/21,-0.001682314,0.290005737,-0.110959565,0.825718826
2014/7/22,0.007053511,0.231876434,0.410130956,0.033250753
2014/7/23,0.003959816,0.246730842,0.259519412,-0.547476875
2014/7/24,-0.000355474,0.233986429,0.087038792,0.338180579
2014/7/25,-0.005055118,0.223376666,0.258362173,0.084869654
2014/7/28,-0.001045594,0.24728501,0.660392917,-0.302162529
2014/7/29,-0.000497322,0.350892266,-0.105310296,1.003131141
2014/7/30,0.004536479,0.323265789,0.610309125,-0.089180475
2014/7/31,-0.021088403,0.193620057,0.847510281,-0.474597985
2014/8/1,-0.003927819,0.183130931,1.005915107,-0.443429987
2014/8/4,0.007153901,0.379552074,0.465352863,0.314045385
2014/8/5,-0.007107952,0.133093092,-0.082246578,0.085473334
2014/8/6,0.000507586,0.133197967,0.284768775,-0.152081398
2014/8/7,-0.004621402,0.212161603,0.298692055,0.00801951
2014/8/8,0.008254248,0.157695981,-0.366809084,0.89050183
2014/8/11,0.00693783,0.170548337,-0.081905532,0.441027027
2014/8/12,-0.002748398,0.247447285,0.24799051,0.362864004
2014/8/13,0.010170805,0.292992512,0.249653162,0.272637851
2014/8/14,0.004248852,0.269420566,0.321678133,0.080903881
2014/8/15,0.00267551,0.225593319,-0.093706617,0.589447046
2014/8/18,0.009668824,0.218033505,-0.062965664,0.60678505
2014/8/19,0.004249759,0.247468566,0.318649671,0.237157085
2014/8/20,-0.000227524,0.229860043,0.043269223,0.388690975
2014/8/21,0.001240813,0.227072623,-0.130727119,0.543109732
2014/8/22,0.00142217,0.240628048,-0.173376578,0.629683437
2014/8/25,0.004133736,0.203834595,0.339146845,0.043693337
2014/8/26,0.002911925,0.327142035,-0.0244771,0.118869023
2014/8/27,-0.000223188,0.301141313,0.603563649,-0.008156866
2014/8/28,-0.002614134,0.306792305,0.773634566,-0.227896765
2014/8/29,0.004942032,0.314313215,0.768057612,-0.138449516
2014/9/2,0.003904799,0.360457467,0.37985988,0.247938417
2014/9/3,-0.005589525,0.209955998,-0.011598561,0.201102866
2014/9/4,-0.002248533,0.199049167,0.245799309,0.008684395
2014/9/5,0.004507295,0.205771564,0.721700662,-0.311616491
2014/9/8,0.002044647,0.192804026,0.055096515,0.204945957
2014/9/9,-0.008748426,0.109630747,-0.001245482,0.242685111
2014/9/10,0.00749336,0.179985669,0.16893729,0.179003142
2014/9/11,0.001152715,0.182423156,0.551306008,-0.345673204
2014/9/12,-0.005286379,0.172858423,0.1873281,0.076921721
2014/9/15,-0.010719301,0.245005728,0.010254044,0.493571344
2014/9/16,0.007465041,0.223366759,-0.039221574,0.34098963
2014/9/17,0.002069129,0.328042787,0.403624759,0.190710089
2014/9/18,0.00682425,0.440990572,0.442775058,0.23913235
2014/9/19,-0.002973876,0.316602924,0.399847024,0.206289607
2014/9/22,-0.01144127,0.234516527,-0.126395854,0.464055604
2014/9/23,-0.00420523,0.211393394,0.232240728,0.206256835
2014/9/24,0.010267182,0.273264162,-0.160748364,0.820847431
2014/9/25,-0.019612753,0.245202721,0.276721564,0.16935597
2014/9/26,0.010121548,0.25435105,0.559134899,0.046861174
2014/9/29,-0.001406071,0.282862795,0.709824457,-0.009429932
2014/9/30,-0.002769124,0.409001855,0.712327585,-0.512514291
2014/10/1,-0.015994993,0.220622893,0.33051299,-0.187653286
2014/10/2,0.001830038,0.322173646,0.273310165,0.328238404
2014/10/3,0.010202417,0.291280809,0.587645783,-0.122384941
2014/10/6,-0.004662723,0.120299405,0.049244216,0.104285744
2014/10/7,-0.015746932,0.132657152,-0.031382484,0.207084469
2014/10/8,0.018837688,0.222942358,0.178846383,0.497062606
2014/10/9,-0.020403266,0.173492017,0.361741542,0.006186748
2014/10/10,-0.023595538,0.163197857,0.659226351,-0.313271324
2014/10/13,-0.01474249,0.213643375,0.094762359,0.267697596
2014/10/14,0.00320111,0.22029455,0.140664239,0.229849905
2014/10/15,-0.002807231,0.171578092,0.373982765,-0.230988962
2014/10/16,0.000490945,0.172682497,0.08288148,0.259273202
2014/10/17,0.009686443,0.236018012,0.090179059,0.425714174
2014/10/20,0.01344237,0.277309987,0.223772357,0.22806744
2014/10/21,0.023676776,0.325161323,0.38319978,0.232628386
2014/10/22,-0.008322844,0.528986832,0.347417247,0.611517161
2014/10/23,0.015831668,0.417782203,0.709797321,0.142207612
2014/10/24,0.006922193,0.372163142,0.79874931,-0.003949834
2014/10/27,0.000492773,0.279136038,0.709286676,0.043382427
2014/10/28,0.017317139,0.367445705,0.130954871,0.565452561
2014/10/29,-0.003304983,0.205576417,-0.047838099,0.06686096
2014/10/30,0.003710221,0.242803888,0.072288772,0.304355933
2014/10/31,0.014048473,0.277314706,0.493706264,0.088980876
2014/11/3,0.001762742,0.293171196,0.242395662,-0.310767777
2014/11/4,-0.003297151,0.268704085,0.400128106,0.065693525
2014/11/5,-0.000631737,0.372044432,0.50983968,0.213833712
2014/11/6,0.003834033,0.384252287,0.778183657,0.07172485
2014/11/7,-0.001281415,0.26050964,0.646472626,-0.070728971
2014/11/10,0.004112391,0.327136759,0.54740363,-0.036991966
2014/11/11,0.001920067,0.24582538,0.253872636,0.093843202
2014/11/12,0.003123496,0.247780019,0.575270558,-0.320942425
2014/11/13,0.001068915,0.411641179,0.445683595,0.115530106
2014/11/14,0.001793209,0.347406814,0.606085355,0.006764232
2014/11/17,-0.003748052,0.281672295,0.130706044,0.210704151
2014/11/18,0.006708341,0.128569417,0.054030971,-0.128155391
2014/11/19,-0.0057005,0.151576841,-0.13954748,0.777476953
2014/11/20,0.005579279,0.190842573,0.328958363,-0.028555058
2014/11/21,0.002357981,0.275558453,0.45925139,-0.089678873
2014/11/24,0.00885528,0.334727473,0.250799684,0.140325047
2014/11/25,0.000706391,0.613634396,0.611137901,0.314699997
2014/11/26,0.006090802,0.447348252,0.253160155,0.322085383
2014/11/28,0.00089989,0.328101595,0.383583621,0.274791481
2014/12/1,-0.013505854,0.30229003,0.500941516,0.087534459
2014/12/2,0.006002237,0.28783981,0.556922126,0.216432011
2014/12/3,0.003915945,0.313502104,0.221213468,0.506296529
2014/12/4,-0.001054075,0.365513801,0.458920894,0.347601689
2014/12/5,0.002370632,0.353547693,0.456332644,0.070431967
2014/12/8,-0.008416835,0.319804728,0.655853792,-0.092707629
2014/12/9,0.005423294,0.375279198,0.623198365,0.094109154
2014/12/10,-0.017449273,0.282980929,0.604578766,-0.0788501
2014/12/11,0.005140458,0.268733366,0.600814124,-0.261419332
2014/12/12,-0.01165606,0.266837236,0.360427803,0.155615688
2014/12/15,-0.0104637,0.282374353,0.416120013,0.192871365
2014/12/16,-0.012527218,0.283200055,0.755326885,-0.068775844
2014/12/17,0.020992618,0.337148878,0.431954325,0.182265342
2014/12/18,0.022164905,0.514324373,0.539692759,0.623853659
2014/12/19,0.003569563,0.264232616,0.296940309,0.012579143
2014/12/22,0.003360291,0.229633405,0.268368706,-0.065393599
2014/12/23,-0.003351898,0.096875323,0.111000847,-0.203040781
2014/12/24,0.001687828,0.288321826,0.451127437,0.383940964
2014/12/26,0.006970561,0.176378168,0.249687916,0.008708642
2014/12/29,1.04E-05,0.238762596,-0.165119688,0.521795849
2014/12/30,-0.006149628,0.365729436,0.240993587,0.182263565
2014/12/31,-0.008701383,0.368793754,0.535103734,-0.40258556
2015/1/2,-0.001952899,0.334621331,0.358209691,0.498102598
2015/1/5,-0.015830801,0.347613728,0.372745251,0.308746036
2015/1/6,-0.012942959,0.487130982,0.922486741,0.194886383
2015/1/7,0.012491494,0.446309793,1.029577335,0.365350768
2015/1/8,0.018264725,0.571653791,0.644982002,0.890886943
2015/1/9,-0.006804924,0.490754767,0.909294629,0.002366606
2015/1/12,-0.008402424,0.368020204,0.853451137,-0.171518878
2015/1/13,-0.000688383,0.423027529,0.405266378,-0.064114494
2015/1/14,-0.004769481,0.353624824,0.781639599,-0.221287364
2015/1/15,-0.014875184,0.337922139,0.351840509,0.351436052
2015/1/16,0.013809805,0.406417655,0.856106035,0.066597654
2015/1/20,0.004407262,0.501055955,0.370164811,0.873061872
2015/1/21,0.00269677,0.410747104,0.464913285,0.520679535
2015/1/22,0.017622369,0.27993923,0.177302509,0.45038
2015/1/23,0.001573366,0.294913761,0.322571319,0.198363666
2015/1/26,0.002913019,0.404785842,0.673706744,0.240872099
2015/1/27,-0.019096638,0.104455774,0.088537865,-0.214541861
2015/1/28,-0.009337489,0.073865084,-0.094659354,0.356917033
2015/1/29,0.009745394,0.150847278,0.132668154,0.004505817
2015/1/30,-0.010338499,0.211410808,0.463666202,-0.108109784
2015/2/2,0.008902617,0.162925476,0.277162354,0.285745137
2015/2/3,0.010856692,0.225231265,0.569490406,-0.466356586
2015/2/4,-0.002337885,0.341511378,1.285737643,-0.978023528
2015/2/5,0.010209121,0.319954016,1.369228519,-0.594515452
2015/2/6,-0.004353548,0.351841351,0.10983123,0.482631694
2015/2/9,-0.00388368,0.463262541,0.418130011,0.902338147
2015/2/10,0.012958391,0.587879336,0.803663682,0.445877729
2015/2/11,0.002822035,0.522926517,1.091649427,0.193342271
2015/2/12,0.011684826,0.577584098,1.035871961,0.259374359
2015/2/13,0.007430724,0.471632412,0.308159077,0.539592848
2015/2/17,0.001108943,0.482813673,0.568966012,0.117368869
2015/2/18,0.001446108,0.569649813,1.075915582,0.101465624
2015/2/19,0.003731036,0.501188262,0.618536374,0.540250298
2015/2/20,0.006329551,0.410413189,0.332146258,0.372109485
2015/2/23,0.001008376,0.327850033,0.236263998,0.457311161
2015/2/24,0.001440213,0.392851525,0.298434046,1.099602988
2015/2/25,-0.000197277,0.31198237,-0.108821661,0.808801026
2015/2/26,0.004168753,0.122854612,-0.069297794,0.216335808
2015/2/27,-0.004895793,0.029108028,-0.028301719,-0.000998539
2015/3/2,0.00893942,0.026091958,-0.003793031,-0.238856727
2015/3/3,-0.005646791,-0.006970663,-0.42450337,0.073529475
2015/3/4,-0.002565589,0.050372441,0.348960557,-0.578115618
2015/3/5,0.003149767,0.251276568,0.85174963,-0.019714672
2015/3/6,-0.011188612,0.220884747,0.950693211,-0.236181465
2015/3/9,0.003053759,0.270790783,0.734703286,-0.715215021
2015/3/10,-0.016861852,0.334771492,0.842070882,-0.694983548
2015/3/11,-0.002030951,0.399824787,0.899670024,-0.21565609
2015/3/12,0.008898545,0.433237894,0.861577324,-0.257197676
2015/3/13,-0.004409611,0.413149528,1.062911527,-0.538844537
2015/3/16,0.011784324,0.457547929,0.210380957,0.595226677
2015/3/17,0.001607387,0.693916323,0.272101224,1.072308797
2015/3/18,0.009151024,0.849761201,0.836119517,0.830290631
2015/3/19,0.001914747,0.880967132,1.113599638,0.865261543
2015/3/20,0.006795251,0.760657041,0.815582676,0.45531042
2015/3/23,-0.003078492,0.616428316,0.306950679,0.69556659
2015/3/24,-0.003246153,0.503541946,0.178562745,0.967364017
2015/3/25,-0.023951506,0.346648342,0.512695963,0.132801887
2015/3/26,-0.002702294,0.202600781,-0.171174692,0.398565729
2015/3/27,0.005712204,0.079899963,0.009781273,0.213228785
2015/3/30,0.01142851,0.136364776,-0.355076971,1.111208582
2015/3/31,-0.00945549,0.234901062,-0.316296836,1.28609945
2015/4/1,-0.004222431,0.116624365,0.502977541,-0.146207179
2015/4/2,0.001373991,0.080821855,0.7229715,-0.415807096
2015/4/6,0.006197326,0.211859441,0.938216692,-0.531722464
2015/4/7,-0.001442883,0.223979965,0.501222199,-1.047809865
2015/4/8,0.008232436,0.231959692,0.828559889,-0.624409139
2015/4/9,0.004783705,0.294624438,0.565726594,-0.11587654
2015/4/10,0.004296665,0.376264309,0.630170752,-0.137560147
2015/4/13,-0.001548442,0.477262734,1.631349076,-1.121557472
2015/4/14,-0.002199581,0.412217777,1.237293557,-0.68207164
2015/4/15,0.006753921,0.622262118,0.568308332,0.13991526
2015/4/16,-0.000644787,0.811745379,0.995678435,0.31888782
2015/4/17,-0.015288639,0.746858499,0.763523467,0.934787589
2015/4/20,0.012651268,0.706456025,1.013151449,0.730525372
2015/4/21,0.003896615,0.865998111,0.712350897,1.12685436
2015/4/22,0.004193346,0.890326983,0.431105616,1.816677663
2015/4/23,0.004140235,0.701696252,0.634282177,0.635233936
2015/4/24,0.007100831,0.483340345,0.370520193,0.412210249
2015/4/27,-0.006272466,0.291731777,-0.001222658,0.486248999
2015/4/28,-0.000954954,0.171192986,-0.164425124,0.349387949
2015/4/29,-0.006306165,0.188385975,-0.838596072,1.778967752
2015/4/30,-0.016502031,0.09477343,0.330695763,0.019169885
2015/5/1,0.012862593,0.152758944,0.715219675,-0.191420129
2015/5/4,0.002302861,0.247676927,0.56528329,0.027156694
2015/5/5,-0.015588498,0.365106302,0.099388852,1.007869332
2015/5/6,-0.003994337,0.261989102,1.174162317,-0.314691624
2015/5/7,0.005250803,0.274527253,0.712246215,-0.092202615
2015/5/8,0.0116615,0.294137377,0.770227189,-0.91206103
2015/5/11,-0.001996576,0.236808026,0.87011232,-0.59844026
2015/5/12,-0.003486547,0.194555069,0.565651251,-0.117875065
2015/5/13,0.001104653,0.443652519,0.952272509,-0.224109825
2015/5/14,0.013777456,0.684817388,0.796579308,0.349774999
2015/5/15,-0.000497074,0.56440404,1.261179904,-0.404914492
2015/5/18,0.005954556,0.526328277,0.648034653,0.24321855
2015/5/19,-0.001657393,0.698426087,1.015126842,0.299953569
2015/5/20,0.000337219,0.78111629,0.956249307,0.970934586
2015/5/21,0.003749071,0.635509928,0.401389392,0.951166953
2015/5/22,-0.000280939,0.564115126,0.347010582,0.730560572
2015/5/26,-0.011185532,0.565656796,0.274483261,0.792883114
2015/5/27,0.014565308,0.579847175,0.487421088,0.194127868
2015/5/28,-0.00168748,0.548727367,-0.148267316,1.453467375
2015/5/29,-0.00549962,0.443943565,0.605083606,0.692388265
2015/6/1,0.002543105,0.383076455,0.809486354,0.232277879
2015/6/2,-0.00126188,0.260911641,0.250957319,0.399265513
2015/6/3,0.00446356,0.17983164,-0.225391403,0.322424436
2015/6/4,-0.007896993,0.237460746,0.505222435,0.435415352
2015/6/5,0.001844469,0.341655729,0.791528522,-0.056840448
2015/6/8,-0.009282442,0.292163537,0.442696011,0.165366977
2015/6/9,-0.001548505,0.28481877,0.775574137,0.101725562
2015/6/10,0.012453397,0.159607228,0.371544484,0.458999338
2015/6/11,0.00114576,0.403564767,0.601395578,0.329293398
2015/6/12,-0.006199193,0.541979569,1.624277091,-1.199963843
2015/6/15,-0.004192021,0.400657068,0.940288626,-0.03340938
2015/6/16,0.00507263,0.335463545,0.712343211,-0.311118851
2015/6/17,0.001843796,0.496856281,0.963516879,0.094848115
2015/6/18,0.013350097,0.608637219,0.907936706,0.72013725
2015/6/19,-0.003112213,0.563654792,0.862982383,-0.062196101
2015/6/22,0.007198962,0.513832031,0.572264693,-0.075090879
2015/6/23,0.001188668,0.430673132,0.631454477,-0.301290682
2015/6/24,-0.007330928,0.480284311,0.590981098,0.109188955
2015/6/25,-0.001997148,0.541876933,-0.069688395,1.489459848
2015/6/26,-0.006216234,0.513511115,0.416023065,0.630080192
2015/6/29,-0.024314425,0.674085522,0.844325268,0.693837383
2015/6/30,0.005711233,0.649748822,0.555583631,0.814769204
2015/7/1,0.005250017,0.683895577,0.179273476,0.900299041
2015/7/2,-0.000780258,0.608209845,0.891789608,0.26276523
2015/7/6,-0.003453606,0.608899638,0.183214554,0.988144293
2015/7/7,0.001105172,0.386589782,0.313690657,0.381526032
2015/7/8,-0.017704723,0.312188691,0.324971325,0.341474343
2015/7/9,0.002571156,0.219941569,0.384358262,0.342113403
2015/7/10,0.01518159,0.284605769,0.03457648,0.74034944
2015/7/13,0.014660797,0.376459445,0.571705588,0.210217964
2015/7/14,0.0065603,0.397672052,0.565509933,0.545686091
2015/7/15,-0.001166229,0.407259321,0.65563596,0.520548618
2015/7/16,0.012519994,0.467157164,0.609336781,0.399898965
2015/7/17,0.009054058,0.520066986,1.086822036,-0.264145145
2015/7/20,0.00167226,0.484921947,1.347290619,-0.6392548
2015/7/21,-0.002060041,0.495834521,1.1678423,-0.837752736
2015/7/22,-0.007003956,0.432609284,1.155407289,-0.529560241
2015/7/23,-0.004915605,0.408503209,0.432123926,0.289557246
2015/7/24,-0.011290745,0.50261433,0.147738008,0.609408584
2015/7/27,-0.009646209,0.532309611,0.913319975,-0.288337822
2015/7/28,0.009760182,0.597281325,1.119384965,-0.150751456
2015/7/29,0.004415287,0.661568417,0.941829016,0.313740061
2015/7/30,0.003329915,0.612800665,-0.129038544,1.04646658
2015/7/31,-9.75E-05,0.73347065,0.5624699,0.332891773
2015/8/3,-0.002518632,0.771551105,0.679248194,0.645355201
2015/8/4,-0.001923505,0.681918748,0.007565632,1.399026283
2015/8/5,0.006713223,0.706252085,0.769827706,0.557330478
2015/8/6,-0.016378728,0.62341108,0.371795436,0.835683069
2015/8/7,-0.002554462,0.550201881,0.087127919,0.95200608
2015/8/10,0.011485202,0.403990932,0.260510136,0.659044662
2015/8/11,-0.012824444,0.328731552,0.25844877,1.060722682
2015/8/12,0.00150776,0.182148554,0.652403859,0.512134193
2015/8/13,-0.002149247,0.209026113,0.671585823,0.571880952
2015/8/14,0.0029102,0.266267689,0.336607711,1.00048673
2015/8/17,0.008574076,0.429136718,0.921873009,0.566338934
2015/8/18,-0.006373746,0.385178263,1.305139761,-0.769404812
2015/8/19,-0.007997344,0.375471703,1.287980438,-0.603530002
2015/8/20,-0.028609929,0.431171039,1.384296185,-1.667821203
2015/8/21,-0.035783953,0.396281712,0.601190282,-0.226291772
2015/8/24,-0.038953008,0.338544005,0.950614744,-0.486681438
2015/8/25,-0.004375202,0.453748772,1.271448649,-0.151575307
2015/8/26,0.041520387,0.600815857,0.797959321,0.465532497
2015/8/27,0.024221368,0.606822364,-0.302524137,0.733843531
2015/8/28,0.003238246,0.569538187,-0.878094921,1.313612474
2015/8/31,-0.010788427,0.587130217,-1.14825984,1.817170035
2015/9/1,-0.029836659,0.557338398,0.374057443,0.734655547
2015/9/2,0.024266912,0.543471537,0.038073605,0.890918564
2015/9/3,-0.003475521,0.546412517,0.077174405,1.581101144
2015/9/4,-0.01052952,0.699771472,-0.021289804,2.232853779
2015/9/8,0.026962885,0.76774022,0.929798349,0.744016117
2015/9/9,-0.01157984,0.793141612,0.835793941,1.778059189
2015/9/10,0.008315952,0.681551829,0.949538479,1.131771657
2015/9/11,0.005424925,0.605696226,0.546085391,0.954222368
2015/9/14,-0.003444089,0.478700951,0.749435336,0.905687649
2015/9/15,0.01133023,0.301878126,0.848828718,0.668261878
2015/9/16,0.005891444,0.227429742,1.169907864,-0.348818688
2015/9/17,0.000962876,0.367733911,1.469748456,-0.697981819
2015/9/18,-0.013726944,0.693573913,1.527428972,-0.3434265
2015/9/21,0.000356249,0.724782885,0.664502299,0.508950055
2015/9/22,-0.015070698,0.354521578,0.135704265,-0.622491703
2015/9/23,-0.000837061,0.285385892,0.172446679,-1.044149777
2015/9/24,-0.003849394,0.34937971,1.760727777,-1.164148965
2015/9/25,-0.010185865,0.320148197,-0.168467238,-0.193212655
2015/9/28,-0.030884956,0.325670806,-0.601718028,0.346731092
2015/9/29,-0.005882182,0.407622778,-0.496735921,1.049002345
2015/9/30,0.022510439,0.423475198,-0.051285419,0.835561165
2015/10/1,0.001496663,0.459469221,-0.106116795,1.033882899
2015/10/2,0.017288336,0.556197213,-0.411407913,2.050324781
2015/10/5,0.015489775,0.604198065,-0.703358283,2.288655483
2015/10/6,-0.006904815,0.602284593,-0.21683408,2.060106896
2015/10/7,0.008971171,0.611431779,0.55295995,1.541887148
2015/10/8,0.004090846,0.692821822,0.244975457,2.453253396
2015/10/9,0.00408246,1.009673616,1.176697142,1.838021182
2015/10/12,0.001689918,1.1316972,1.203310066,2.12931423
2015/10/13,-0.008724271,1.037811303,1.495113288,0.584157005
2015/10/14,-0.002872815,0.73092285,1.313743932,-0.19591708
2015/10/15,0.018077868,0.517349585,1.059256705,-0.052343042
2015/10/16,0.003400712,0.299100193,0.928142901,-0.537278464
2015/10/19,0.003835726,0.284418344,0.540766389,0.170677101
2015/10/20,-0.005006938,0.233673413,0.037198941,-0.498008709
2015/10/21,-0.008404457,0.29572342,0.710359399,-0.849087639
2015/10/22,0.016379179,0.461510985,1.854966154,-1.355700801
2015/10/23,0.022471004,0.48208294,0.0359828,-0.597903929
2015/10/26,0.000564244,0.470131381,-0.482425076,-0.424421581
2015/10/27,-0.000904137,0.342409054,-0.796783737,0.21670553
2015/10/28,0.01294528,0.051626223,-0.15474234,0.061972076
2015/10/29,-0.004212412,0.037182219,-0.390607756,0.241962205
2015/10/30,-0.00405213,0.33529284,-0.057860546,1.087505024
2015/11/2,0.014419407,0.521730218,-0.822430088,2.079708192
2015/11/3,0.003500687,0.535757151,0.19882193,1.420111708
2015/11/4,-0.000515183,0.62839835,0.160972511,1.986190549
2015/11/5,-0.002870437,0.679882883,-0.415459663,2.283324091
2015/11/6,0.003772319,0.791678326,0.058481544,2.987465052
2015/11/9,-0.010118789,0.757477881,-0.009235603,3.277215648
2015/11/10,-0.002369693,0.720838791,0.437895108,0.486268604
2015/11/11,-0.00319598,0.671585805,1.075978289,0.128732582
2015/11/12,-0.012299477,0.820349404,1.540939618,0.317589565
2015/11/13,-0.015544521,0.917664519,1.469549784,0.55471588
2015/11/16,0.011448297,0.902762998,1.312826803,0.658972017
2015/11/17,0.000280825,0.624221507,0.331850864,-0.290546894
2015/11/18,0.017727937,0.402792255,0.350863338,-0.121817259
2015/11/19,-0.000307424,0.192802803,1.552229645,-1.078541689
2015/11/20,0.006146272,0.096063376,-0.297935741,-0.536853639
2015/11/23,-0.000478085,0.299413363,-0.228696256,-0.459557579
2015/11/24,6.47E-05,0.377307735,0.111248007,-0.484959878
2015/11/25,0.00260888,0.369437821,1.13725089,-1.136668768
2015/11/27,0.002221863,0.322427097,0.167125845,-0.030664514
2015/11/30,-0.003683015,0.377884828,0.189050644,0.828314721
2015/12/1,0.009282111,0.325168452,0.311705647,0.648145996
2015/12/2,-0.00643806,0.138019275,-0.132541205,1.04669401
2015/12/3,-0.016867265,0.277654017,0.24919307,1.316873179
2015/12/4,0.020578734,0.441978826,-0.178343759,1.882584946
2015/12/7,-0.007899237,0.69723301,0.58555107,1.573903588
2015/12/8,-0.000699997,0.772906344,0.069693953,3.074948785
2015/12/9,-0.01489589,0.797409286,-0.179889617,1.825408588
2015/12/10,0.004431857,0.732931942,0.553942761,0.616780252
2015/12/11,-0.022388756,0.759592515,0.577156969,1.304336168
2015/12/14,0.003795386,0.729883823,0.077855792,1.530402847
2015/12/15,0.008671501,0.688831932,0.79105944,0.970472902
2015/12/16,0.015054191,0.578580704,-0.088252537,0.072429753
2015/12/17,-0.01361589,0.683135403,0.61244626,0.256465044
2015/12/18,-0.016013432,0.890657456,2.53756869,-0.579734698
2015/12/21,0.009268162,0.737670195,0.811706957,0.048565838
2015/12/22,0.006457375,0.483236178,-0.209019372,0.147277088
2015/12/23,0.00892209,0.349960675,0.016870429,-0.008380039
2015/12/24,0.000507211,0.127494466,0.947162634,-2.037534237
2015/12/28,-0.001488681,0.087726701,0.576826278,0.039066109
2015/12/29,0.013195684,0.168155279,0.388376451,0.400211474
2015/12/30,-0.00827425,0.280524271,0.933374129,-0.529620336
2015/12/31,-0.011603127,0.391230744,1.142528376,0.734233528
2016/1/4,-0.021053197,0.418003363,0.568839718,0.349729365
2016/1/5,-0.002380924,0.357839577,0.10768967,0.815548592
2016/1/6,-0.011444323,0.311647945,-0.134389142,0.584739392
2016/1/7,-0.030729332,0.407621565,-0.286951222,0.875083778
2016/1/8,-0.009814652,0.543184762,0.557458508,0.502154262
2016/1/11,-0.001215305,0.627234965,0.028895763,1.091050282
2016/1/12,0.010281185,0.720457863,0.444628569,0.830877171
2016/1/13,-0.034710464,0.732739374,0.241089867,1.083111069
2016/1/14,0.019460064,0.673818066,0.139512352,1.24164452
2016/1/15,-0.027811121,0.556337243,-0.820215419,1.49134674
2016/1/19,-0.002558736,0.57961936,-0.838660003,1.600379654
2016/1/20,-0.001175598,0.706423239,1.20547746,0.466732412
2016/1/21,8.27E-05,0.788870525,0.434697711,0.865249291
2016/1/22,0.026287919,0.779253184,0.621410212,-0.081704305
2016/1/25,-0.015959204,0.806223017,0.617147168,1.021545298
2016/1/26,0.010825361,0.724316495,1.660452204,-0.724789282
2016/1/27,-0.022024299,0.731322366,1.467568892,0.240645418
2016/1/28,0.008581812,0.553573705,1.096301979,0.910807882
2016/1/29,0.023523583,0.329987569,0.825654885,-0.698903969
2016/2/1,0.001390465,0.19652499,0.833008464,-0.600247437
2016/2/2,-0.022637801,0.173443263,1.139969698,-1.283332048
2016/2/3,-0.002817812,0.207492081,0.9278288,-0.941052616
2016/2/4,0.001180412,0.22410809,0.953623629,-1.40402397
2016/2/5,-0.033007606,0.414172726,0.825133222,-0.50939732
2016/2/8,-0.018363187,0.432842203,0.872069025,-0.311624358
2016/2/9,-0.003505407,0.293209167,0.36528092,0.247663613
2016/2/10,0.003468056,0.417207158,0.116373791,0.689625
2016/2/11,-0.003917937,0.644724968,0.044693515,1.114953678
2016/2/12,0.016426944,0.670081888,0.209268814,1.081433076
2016/2/16,0.022441347,0.634607119,-0.836229474,1.17834763
2016/2/17,0.021875987,0.672120462,-0.723674843,1.474345086
2016/2/18,-0.010313118,0.716309318,0.810848373,0.755773779
2016/2/19,0.00375669,0.735648706,-0.291457912,1.773112321
2016/2/22,0.014585318,0.80120209,-0.863673698,2.400158801
2016/2/23,-0.014774039,0.78485461,-0.124115221,1.920759191
2016/2/24,0.008629101,0.561319458,0.804521756,0.405124786
2016/2/25,0.008677495,0.566282214,1.016345481,0.294593415
2016/2/26,0.001803183,0.724273148,1.412580298,-0.56310354
2016/2/29,-0.007109454,0.737087818,1.636058373,-0.139917893
2016/3/1,0.02847433,0.669282953,1.473212937,-0.449503551
2016/3/2,0.002942613,0.570601804,1.408521044,-0.531676575
2016/3/3,0.000850084,0.515621574,1.837952529,-1.924072304
2016/3/4,0.002037257,0.417085876,1.408334643,-1.345952224
2016/3/7,-0.001860955,0.25673081,0.720267624,-1.080149797
2016/3/8,-0.012702865,0.225051548,0.733102286,-1.330179577
2016/3/9,0.00548311,0.227024665,1.06319614,-1.478195157
2016/3/10,-0.002617674,0.233359596,1.029296253,-0.624584131
2016/3/11,0.018343601,0.500763059,0.570307853,0.459448347
2016/3/14,0.000381103,0.490901069,0.110911848,0.680603671
2016/3/15,-0.004559585,0.375303114,-1.352347481,0.981359873
2016/3/16,0.007437375,0.35235831,-1.206422852,1.404991979
2016/3/17,0.002308431,0.421745642,-0.133124412,0.928327948
2016/3/18,0.004319472,0.630251367,-0.797187047,1.776637604
2016/3/21,0.002752872,0.790924116,-0.845815382,2.077462184
2016/3/22,0.002656138,0.921074098,-0.061889669,2.38606149
2016/3/23,-0.011010984,0.689610698,0.672694051,0.838378628
2016/3/24,0.000974601,0.56933267,0.009448668,1.646671984
2016/3/28,-0.001408761,0.648273539,0.583715097,0.962810698
2016/3/29,0.016608432,0.773716663,1.037969253,0.707814775
2016/3/30,0.004666581,0.630928783,1.11495331,0.372430546
2016/3/31,0.000115,0.442244283,0.959749481,-0.348954649
2016/4/1,0.009135022,0.614510354,1.713585381,-1.831658874
2016/4/4,-0.004637824,0.816558293,2.13931912,-0.737504251
2016/4/5,-0.009833959,0.708972207,1.83121339,-1.012375699
2016/4/6,0.015728487,0.620879108,1.53349302,-0.823366696
2016/4/7,-0.014812295,0.543721011,1.598560953,-0.912963472
2016/4/8,0.000478397,0.363421102,1.552110951,-1.742220339
2016/4/11,-0.003570809,0.256572128,0.754668335,-1.160073976
2016/4/12,0.007972849,0.122883532,0.329943531,-0.712109351
2016/4/13,0.015343225,0.100543618,-0.649202855,0.140353478
2016/4/14,-0.0003093,0.073804771,-0.664696482,0.504146898
2016/4/15,-0.001551986,0.213323404,0.50258011,-0.164165673
2016/4/18,0.004404831,0.474439992,-0.693245731,1.417195517
2016/4/19,-0.003977642,0.486936572,-1.142907605,1.953559836
2016/4/20,0.001577597,0.488891106,-0.948432495,2.142307631
2016/4/21,-0.000452799,0.482313683,-0.672259235,1.487859616
2016/4/22,-0.008051103,0.513461334,-0.41411462,1.681647353
2016/4/25,-0.002130174,0.714573603,0.608979091,1.069805241
2016/4/26,-0.001535149,0.806475156,0.937153255,0.933911543
2016/4/27,-0.005156184,0.787349754,1.086706287,0.806663841
2016/4/28,-0.011966925,0.658614187,1.320444463,0.110714217
2016/4/29,-0.006248031,0.683173163,1.126252788,0.286198378
2016/5/2,0.008804439,0.903670036,1.584045934,0.4718641
2016/5/3,-0.011349893,0.765579722,1.743142544,-0.044192174
2016/5/4,-0.007920909,0.55311069,1.380155267,-0.571243381
2016/5/5,-0.001810917,0.587412984,1.349664232,-1.184629836
2016/5/6,0.004032485,0.634855117,1.84214611,-0.452647144
2016/5/9,0.002964258,0.738364898,1.894169051,-1.311578013
2016/5/10,0.012483308,0.586544348,1.004665188,-0.441605354
2016/5/11,-0.01027952,0.297096496,0.810534789,-1.181422072
2016/5/12,-0.00491893,0.198746606,0.124430055,-1.101116501
2016/5/13,-0.004156533,0.056377605,0.414619772,-1.162302475
2016/5/16,0.012173151,0.129721105,0.0484272,0.349069766
2016/5/17,-0.012586575,0.145290123,-0.367842255,1.090355323
2016/5/18,0.004947735,0.056281158,-0.685617392,1.255029307
2016/5/19,-0.005626546,0.321906455,-0.152191739,0.667947348
2016/5/20,0.012029139,0.512068588,-0.431310845,1.831975229
2016/5/23,-0.00079284,0.498779602,-0.145979503,1.43151534
2016/5/24,0.019795304,0.405222031,-0.415756131,1.184384067
2016/5/25,0.006935283,0.417368281,-0.672502003,1.176820585
2016/5/26,0.001404561,0.657530726,0.814770904,0.551044575
2016/5/27,0.006454338,0.854234395,1.027575506,0.582738392
2016/5/31,0.002944878,1.019572733,1.12380899,0.974323748
2016/6/1,0.000846438,0.966928223,1.724481688,0.434872947
2016/6/2,0.003851426,0.852436216,1.772631661,0.04210532
2016/6/3,-0.005818122,0.747105251,1.51211436,0.100388917
2016/6/6,0.005284926,0.691276743,1.430747225,0.15079045
2016/6/7,-0.001401748,0.658710426,1.061074916,0.227468136
2016/6/8,0.002594505,0.507353567,1.306374376,-0.52733319
2016/6/9,-0.00322553,0.321287926,1.017694302,-1.503043448
2016/6/10,-0.013005135,0.437242154,0.76009891,-0.437195229
2016/6/13,-0.009465337,0.615485561,1.414455861,-0.926206476
2016/6/14,-0.001009081,0.572835587,0.39179848,0.031140166
2016/6/15,-0.001781272,0.3965344,0.355870358,-0.116058128
2016/6/16,0.002062018,0.178960319,0.114667095,-0.075194251
2016/6/17,-0.009241921,0.035936161,0.323041966,-0.209871204
2016/6/20,0.007651359,0.050976224,-0.270506536,0.966463368
2016/6/21,0.00135317,0.173356519,-0.061584698,0.876040251
2016/6/22,-0.002157676,0.198847242,-0.186018618,0.644627056
2016/6/23,0.015748486,0.337342319,0.004427385,0.607151736
2016/6/24,-0.042023147,0.478935775,0.229615103,0.596928891
2016/6/27,-0.024412065,0.661717828,0.363352304,0.618692175
2016/6/28,0.020984347,0.697072699,-0.114769529,1.117850355
2016/6/29,0.018450314,0.673807182,-0.115831391,1.133359645
2016/6/30,0.013184683,0.723851969,0.7797223,0.799798326
2016/7/1,0.004100883,0.894342421,1.29135124,0.289817686
2016/7/5,-0.008191698,0.917599405,1.456971394,0.356021902
2016/7/6,0.007490177,0.8978472,1.30533571,0.55704108
2016/7/7,0.003625734,0.785904388,1.157175649,0.635578938
2016/7/8,0.016260984,0.450166509,1.011949873,-0.19117531
2016/7/11,0.006411026,0.398761343,0.4757694,0.138847442
2016/7/12,0.006828201,0.379582871,0.841202275,-0.019258484
2016/7/13,-0.003408273,0.387758011,0.619021555,-0.087090665
2016/7/14,0.005643559,0.410777631,0.413426492,-0.837458322
2016/7/15,-0.000888346,0.478350084,0.507371056,0.725698057
2016/7/18,0.005193673,0.44586468,1.063904766,-1.082094401
2016/7/19,-0.003846559,0.345542668,0.298073891,-0.102966549
2016/7/20,0.010578494,0.230566605,0.718273778,-0.748942991
2016/7/21,-0.003154325,0.223408287,0.666568401,-0.394174985
2016/7/22,0.005162159,0.095979774,0.232357121,0.029432762
2016/7/25,-0.000496186,-0.009969536,0.242397999,-0.226999075
2016/7/26,0.002433463,0.300558107,0.354534164,0.189770307
2016/7/27,0.005806925,0.532598299,0.168134648,0.730532398
2016/7/28,0.002947124,0.641173384,0.003731857,0.925055709
2016/7/29,0.001386047,0.642104095,-0.081225732,0.997262283
2016/8/1,0.004266254,0.555209968,-0.302208142,1.077221315
2016/8/2,-0.009004191,0.560488542,0.191901912,0.829734383
2016/8/3,0.004274843,0.595808705,-0.420276698,1.198244267
2016/8/4,0.001260896,0.659621221,0.546465765,1.2506537
2016/8/5,0.010564851,0.691726441,0.908126995,0.483279165
2016/8/8,-0.001529577,0.690233363,0.723241045,0.87628792
2016/8/9,0.002364298,0.665559517,1.482247927,-0.034334757
2016/8/10,-0.004005731,0.596830381,0.724380293,0.623880539
2016/8/11,0.004564375,0.499549868,0.498290151,0.302207742
2016/8/12,0.000860314,0.506713374,0.405613408,0.616340059
2016/8/15,0.005549366,0.338089408,0.745269042,0.719298894
2016/8/16,-0.006656439,0.280572602,0.659791983,-0.779882034
2016/8/17,0.000296487,0.475380433,0.888231631,-1.316195292
2016/8/18,0.002195093,0.564413119,0.982607299,-0.719310236
2016/8/19,-0.000337834,0.586865163,1.133738101,-0.657181647
2016/8/22,0.001186686,0.365805456,0.641276547,-0.645567066
2016/8/23,0.00294726,0.262336481,1.017840575,-0.632520166
2016/8/24,-0.008091461,0.270138301,0.612258188,-0.389619487
2016/8/25,-0.001052744,0.218305455,0.080792309,0.216828641
2016/8/26,0.001288452,0.327172376,0.052502608,0.321301802
2016/8/29,0.002566202,0.461887682,0.338023229,0.374122287
2016/8/30,-0.001786651,0.425185843,-0.178480251,0.814845094
2016/8/31,-0.001872328,0.510956024,-0.29526901,0.988032765
2016/9/1,0.002679968,0.535362857,-0.232153455,1.064505171
2016/9/2,0.004331354,0.423495729,0.395281637,0.951962665
2016/9/6,0.004942148,0.466829643,0.098331372,1.149499991
2016/9/7,0.001518963,0.560392675,0.123694455,1.295011778
2016/9/8,-0.004637976,0.696880618,0.902243925,0.793151457
2016/9/9,-0.025724092,0.798766255,0.990678635,0.706943745
2016/9/12,0.016634484,0.898370115,1.101756343,1.2041521
2016/9/13,-0.010925001,0.646334727,1.185203375,1.439179907
2016/9/14,0.003584077,0.432279435,0.997999633,-0.075348081
2016/9/15,0.014567397,0.382926215,1.153597526,-0.73402014
2016/9/16,-0.000975772,0.390254082,0.966552295,-0.585444
2016/9/19,-0.001820681,0.3500225,0.851919313,-0.717045201
2016/9/20,0.001206524,0.168568728,1.014009645,-0.83159328
2016/9/21,0.010217874,0.273476788,1.217200383,-1.99454336
2016/9/22,0.008338788,0.41390264,0.924993458,-0.570426704
2016/9/23,-0.006344623,0.17092623,0.399436508,-0.686947632
2016/9/26,-0.009137412,0.249186798,-0.33645716,0.322783598
2016/9/27,0.009129873,0.265929498,0.568786574,-0.088640948
2016/9/28,0.002417111,0.270570097,0.40454716,0.048524112
2016/9/29,-0.009331651,0.521899377,0.100003381,1.052054979
2016/9/30,0.008099353,0.531831546,0.102801796,1.056597086
2016/10/3,-0.002097454,0.507739453,0.51269019,0.894166378
2016/10/4,-0.002116986,0.356540521,0.058298478,0.93492146
2016/10/5,0.004970931,0.375011129,-0.103688987,1.007503643
2016/10/6,-0.001726464,0.526846342,0.166144784,1.140772393
2016/10/7,-0.00272661,0.37070497,0.278005888,1.198537865
2016/10/10,0.006829847,0.401926268,-0.296433686,1.902711731
2016/10/11,-0.015485215,0.529527808,-0.127958928,2.043833243
2016/10/12,-0.001482003,0.475927114,0.968886708,0.249862058
2016/10/13,-0.004915651,0.664639335,1.505123478,-0.268061238
2016/10/14,0.000159195,0.645066065,0.877399683,0.535996829
2016/10/17,-0.002753992,0.523480692,1.183436316,0.122962867
2016/10/18,0.008430045,0.341569523,0.829235467,-0.456751821
2016/10/19,0.000489979,0.224079458,0.911808774,-0.651789436
2016/10/20,-0.000873359,0.364776006,1.494503153,-1.111497536
2016/10/21,0.002965934,0.143969476,0.7994386,-0.746102965
2016/10/24,0.009923212,0.089748787,0.454390494,-0.926907442
2016/10/25,-0.00498999,0.349877879,1.0210135,-1.705820065
2016/10/26,-0.006290326,0.332020382,0.512973546,-0.22996554
2016/10/27,-0.006554431,0.359424937,0.283208115,0.194009051
2016/10/28,-0.004972108,0.447309848,-0.079625522,0.922910755
2016/10/31,-0.000184985,0.300255923,0.100290771,0.93200209
2016/11/1,-0.006876361,0.34865206,0.068739977,1.076444437
2016/11/2,-0.009359518,0.42431326,-0.304052421,1.584457984
2016/11/3,-0.009279896,0.580809879,0.178471309,1.314645158
2016/11/4,-0.002383032,0.53781954,0.068796869,1.297855394
2016/11/7,0.023462429,0.348468894,-0.339683574,1.74377149
2016/11/8,0.005274317,0.421478345,-0.285483852,1.760590575
2016/11/9,0.011025947,0.401605954,0.289494805,0.63446283
2016/11/10,-0.008082362,0.298161031,0.076604158,0.499891747
2016/11/11,0.005420317,0.36613336,0.480309248,0.330139725
2016/11/14,-0.003578978,0.450397791,0.063861346,0.715317393
2016/11/15,0.010905367,0.461130129,0.585334933,0.381319366
2016/11/16,0.003587448,0.496121407,1.164537088,-0.399512697
2016/11/17,0.007412146,0.647643938,1.097712463,0.260759334
2016/11/18,-0.002338704,0.47934385,0.862618387,0.213108837
2016/11/21,0.008858498,0.229161784,0.604944776,-0.283537431
2016/11/22,0.00325238,0.216609679,1.159770563,-1.14080715
2016/11/23,-0.001053215,0.291026532,0.882708578,-0.476684002
2016/11/25,0.003384173,0.326395614,0.421406685,-0.167266138
2016/11/28,-0.005592651,0.351693566,0.423388321,-0.397421466
2016/11/29,0.002067222,0.398091039,0.801419662,-0.784300473
2016/11/30,-0.010508711,0.466828865,-0.070442618,1.411165328
2016/12/1,-0.013725311,0.418487545,-0.074922896,1.01531473
2016/12/2,0.000864206,0.515367454,-0.414727878,1.622875445
2016/12/5,0.010079085,0.505985528,-0.121453162,1.830323662
2016/12/6,0.004531158,0.439239502,0.045667773,1.473335773
2016/12/7,0.011328798,0.48992189,0.068203875,1.574747869
2016/12/8,0.004365882,0.367626881,0.379532207,0.439580151
2016/12/9,0.004997313,0.373174472,0.399605598,0.213851993
2016/12/12,-0.005887441,0.261147608,-0.014510828,0.221127593
2016/12/13,0.009431525,0.273885285,0.564523576,-0.065593008
2016/12/14,-0.004983268,0.314231976,0.582124913,-0.01058099
2016/12/15,0.003704959,0.252089037,0.31108258,0.188309976
2016/12/16,-0.003614834,0.374226268,0.595382017,0.119723429
2016/12/19,0.00372295,0.45477361,-0.025616293,0.916974114
2016/12/20,0.004844005,0.315609272,0.253655251,0.384367342
2016/12/21,-0.002283812,0.433197785,1.213288305,-1.071417184
2016/12/22,-0.004397906,0.54900388,0.4406584,0.659894603
2016/12/23,0.00279924,0.558139773,0.732134507,0.306912956
2016/12/27,0.004520502,0.57625889,0.611946734,0.347296061
2016/12/28,-0.008947524,0.441822646,0.758082366,0.37377937
2016/12/29,-0.001190361,0.489246066,0.645202963,0.086193051
2016/12/30,-0.009055827,0.311323372,0.519832393,-0.193724691
2017/1/3,0.008501559,0.224374702,0.097412468,-0.158709285
2017/1/4,0.008789641,0.225610734,0.153515623,0.570467176
2017/1/5,0.001993626,0.267960789,0.010630109,0.511610139
2017/1/6,0.006016913,0.344815574,0.263157929,0.704373156
2017/1/9,0.001947004,0.316044271,0.360098233,0.362660475
2017/1/10,0.003608927,0.199507331,0.458267262,0.271742025
2017/1/11,0.002128566,0.195370839,0.338349506,0.425458825
2017/1/12,-0.002908794,0.122381536,0.317741409,0.506724497
2017/1/13,0.004788884,0.045835936,0.320770549,-0.164501286
2017/1/17,-0.006369225,0.164113934,0.597044254,-0.370496422
2017/1/18,0.003050195,0.189256809,0.417832596,-0.116785523
2017/1/19,-0.002806487,0.251836977,-0.055085815,0.409306453
2017/1/20,0.002748886,0.345565804,0.054752543,1.220892401
2017/1/23,-0.00043031,0.263078794,0.398267742,0.83152898
2017/1/24,0.008610494,0.21520486,0.292286642,0.736973308
2017/1/25,0.009839028,0.186758169,-0.053039641,0.410620081
2017/1/26,-0.000205101,0.218950266,0.455228268,-0.146821257
2017/1/27,0.000989753,0.297672372,0.438753598,0.239806463
2017/1/30,-0.008349872,0.426973203,0.412480337,-0.009409234
2017/1/31,0.000192368,0.464409268,0.819042362,0.036844066
2017/2/1,0.004949626,0.369440554,0.169653057,0.081770057
2017/2/2,-0.001143734,0.317767728,0.435007681,-0.195129868
2017/2/3,0.005409211,0.321929351,0.421497082,0.072436659
2017/2/6,-0.000568386,0.283763295,0.608401254,0.048325159
2017/2/7,0.001882205,0.1014791,0.522509223,-0.37324185
2017/2/8,0.001449369,0.110220299,0.520605218,-0.420520052
2017/2/9,0.005743315,0.190081643,0.340389275,0.024251729
2017/2/10,0.003310246,0.277083214,-0.001712425,1.199626246
2017/2/13,0.0051887,0.205268596,-0.117467895,0.542305859
2017/2/14,0.003223482,0.10640842,-0.308791261,0.813301894
2017/2/15,0.006355817,0.032613436,-0.415426857,0.633638747
2017/2/16,-0.000780448,-0.095105784,-0.81661625,1.256018972
2017/2/17,0.004064028,0.064244581,-0.44184363,0.841119835
2017/2/21,0.00467683,0.123691007,0.060892576,1.000924841
2017/2/22,-0.00090734,0.115636038,-0.211502229,1.051618565
2017/2/23,-0.004295441,0.124278481,-0.026185715,0.522524908
2017/2/24,0.001677965,0.270854995,0.326496961,0.143683579
2017/2/27,0.002834153,0.252048614,0.278001644,0.565083358
2017/2/28,-0.00623925,0.332559396,-0.050666401,0.627638494
2017/3/1,0.013400636,0.326269457,0.08682513,0.665051595
2017/3/2,-0.007277396,0.246518631,0.280885233,-0.208204796
2017/3/3,0.001624621,0.243369586,0.237660108,-0.699607219
2017/3/6,-0.003680914,0.317599386,0.655437315,-0.118129147
2017/3/7,-0.002610608,0.433475245,0.560109796,0.681117192
2017/3/8,0.000620316,0.251570608,0.415028968,-0.458924651
2017/3/9,0.000215821,0.162004064,0.620123436,-0.436549889
2017/3/10,0.003917773,0.227375914,1.105077735,-0.290294137
2017/3/13,0.002394035,0.225101487,0.50821402,0.318516458
2017/3/14,-0.003232023,0.170529791,0.819905833,-0.336050428
2017/3/15,0.007354031,0.130241412,0.229783429,-0.014366873
2017/3/16,0.000120331,0.259213092,0.627154579,0.522141476
2017/3/17,4.07E-05,0.237587832,-0.191762684,1.352051641
2017/3/20,8.98E-05,0.269440764,-0.3508725,1.871958759
2017/3/21,-0.018419807,0.01696785,-0.38170316,1.39099614
2017/3/22,0.004790177,-0.081138446,-0.891859332,1.381339297
2017/3/23,-0.000678733,0.069811653,-1.064397303,1.164334129
2017/3/24,0.001897578,0.240719976,0.007748282,0.648486546
2017/3/27,0.001993297,0.334884235,0.254083251,0.611041563
2017/3/28,0.005935739,0.283418607,-0.318125189,0.4217082
2017/3/29,0.003807121,0.320343977,0.271468134,0.161204541
2017/3/30,0.0028429,0.353979958,-0.151324365,0.761513499
2017/3/31,-0.000439706,0.244724072,-0.083394478,0.193931229
2017/4/3,-0.002889955,0.185581309,-0.081948482,0.272003082
2017/4/4,0.000666481,0.329807655,-0.018212391,0.786528628
2017/4/5,-0.005802913,0.227335518,0.531166969,-1.042639968
2017/4/6,0.002464358,0.200168952,0.424004873,-0.850107817
2017/4/7,-0.000193931,0.274159439,0.734652265,-0.582613699
2017/4/10,0.000530669,0.384929618,0.644874029,0.816694301
2017/4/11,-0.002410686,0.32162834,0.686393067,-0.279148862
2017/4/12,-0.005231181,0.139467264,0.754029067,-0.295621442
2017/4/13,-0.005327592,0.148667349,1.015029245,-0.730471507
2017/4/17,0.008856217,0.213195513,0.662385972,0.832595686
2017/4/18,-0.001250613,0.278287623,0.739967634,0.680817299
2017/4/19,0.002315476,0.155173573,0.395805223,0.617574312
2017/4/20,0.009125847,0.129581155,-0.36539254,0.673944805
2017/4/21,-0.001058568,0.131048289,-0.637727779,1.30488522
2017/4/24,0.012325346,0.216219981,-0.407532425,1.190273411
2017/4/25,0.006939644,0.132999049,-0.678598138,1.353757219
2017/4/26,-4.32E-05,0.113882051,-1.166723474,0.950631971
2017/4/27,0.003927397,0.168793757,-0.293428203,0.771220512
2017/4/28,-0.000219897,0.254936462,-0.220595192,0.559774084
2017/5/1,0.00724762,0.347204816,-0.360161364,0.916379652
2017/5/2,0.000618694,0.267543057,0.143478384,-0.020038309
2017/5/3,-0.003750851,0.249447302,0.13105931,0.404019839
2017/5/4,0.000459339,0.245125953,0.438652176,-0.342351361
2017/5/5,0.004175399,0.135316724,0.320529095,-0.372528689
2017/5/8,0.000311388,0.158413275,0.409149953,-0.296799682
2017/5/9,0.002933755,0.334557879,0.069168639,0.863708388
2017/5/10,0.001395949,0.321083125,0.870413166,-0.831559958
2017/5/11,-0.002152699,0.207930535,0.022034484,-0.550763542
2017/5/12,0.000861309,0.246100328,0.821162059,-0.6921939
2017/5/15,0.004635365,0.298457837,0.271198581,0.89351506
2017/5/16,0.003279346,0.281222543,0.75794292,0.964742547
2017/5/17,-0.026046718,0.21461316,0.71089595,0.4370788
2017/5/18,0.007274797,0.210160187,0.751978685,0.33999016
2017/5/19,0.004707217,0.153864893,0.253318934,0.10959316
2017/5/22,0.00817205,0.177113749,0.20463971,0.716655775
2017/5/23,0.000829508,0.178943798,0.055361542,0.462586693
2017/5/24,0.003952295,0.253880673,-0.528468524,0.724361559
2017/5/25,0.006830402,0.168253548,0.056045462,0.406245799
2017/5/26,0.000794172,0.021120847,-0.691374224,0.836933534
2017/5/30,-0.001127815,0.0753043,-0.93487511,0.860040415
2017/5/31,-0.000753122,0.119830371,-0.427728598,0.853324967
2017/6/1,0.007763581,0.271278344,-0.185858686,0.965924088
2017/6/2,0.00939571,0.231266243,0.289801478,-0.063848214
2017/6/5,-0.001606161,0.287493581,0.493696735,-0.267366082
2017/6/6,-0.003280637,0.239975503,0.337958214,-0.231865857
2017/6/7,0.003550627,0.300861288,0.138083321,0.742065434
2017/6/8,0.003863977,0.358769241,0.474362175,-0.309432257
2017/6/9,-0.018171754,0.195562541,0.106336945,0.369979183
2017/6/12,-0.005240903,0.222420067,0.325867959,-0.10216078
2017/6/13,0.007244398,0.328413525,0.028735256,0.538906551
2017/6/14,-0.004104632,0.414479551,0.552480364,0.607488307
2017/6/15,-0.004755522,0.279774185,0.329479947,0.178362423
2017/6/16,-0.002231017,0.344608538,0.388195722,0.080651812
2017/6/19,0.014083296,0.263138295,0.392271333,0.240658452
2017/6/20,-0.008204735,0.174120445,0.142089405,0.147828563
2017/6/21,0.00739338,0.202011442,0.570452695,0.316541097
2017/6/22,0.000439432,0.233209653,0.627163355,-0.083212028
2017/6/23,0.004568899,0.239791719,0.589609438,0.377080603
2017/6/26,-0.002893132,0.147713082,0.320744572,0.102232059
2017/6/27,-0.016223023,-0.012652582,-0.070733232,0.007376067
2017/6/28,0.01418161,0.171223692,0.027781528,0.358799411
2017/6/29,-0.014550987,0.234903684,-0.160768272,0.491820886
2017/6/30,-0.000639817,0.249187207,-0.004793689,0.295695524
2017/7/3,-0.004956551,0.168109092,-0.2795257,0.51875844
2017/7/5,0.006653691,0.128941752,-1.018804217,1.036852974
2017/7/6,-0.010030876,0.337380091,-0.221362678,0.8403818
2017/7/7,0.010393362,0.511698998,0.327077059,0.897671786
2017/7/10,0.003781189,0.271749375,-0.207108581,0.850967006
2017/7/11,0.002735719,0.187959927,-0.011243146,0.503512723
2017/7/12,0.010897391,0.22423742,0.237160395,-0.089159292
2017/7/13,0.002117169,0.293695271,0.120689991,0.353983467
2017/7/14,0.006042804,0.385099987,0.739472023,-0.360454296
2017/7/17,0.000310448,0.53584645,0.912173707,0.111370314
2017/7/18,0.004720858,0.50556959,0.488785514,0.466442264
2017/7/19,0.006399406,0.45548253,0.83782208,0.027289071
2017/7/20,0.000776514,0.256420644,0.795299961,-0.315861377
2017/7/21,-0.000352175,0.212379453,0.683879593,-0.028658615
2017/7/24,0.003603534,0.224918439,0.305667868,0.096559881
2017/7/25,0.000212119,0.017582745,0.247397592,-0.059877291
2017/7/26,0.001648628,0.032238633,0.75448527,-0.493461357
2017/7/27,-0.006335076,0.105649663,0.356235717,-0.001181995
2017/7/28,-0.001177405,0.138453822,0.123803176,0.024694462
2017/7/31,-0.004175188,0.157604117,-0.021938318,0.464793908
2017/8/1,0.002331829,0.057964293,-0.022331192,-0.004506678
2017/8/2,-4.56E-05,0.006106792,-0.537558219,0.707269936
2017/8/3,-0.003512562,0.254240325,-0.484074421,0.921094459
2017/8/4,0.001768057,0.384960565,0.107676201,1.138495644
2017/8/7,0.00505838,0.305270285,-0.807390194,1.595980555
2017/8/8,-0.002087151,0.389915794,-0.282551459,1.105620584
2017/8/9,-0.002850006,0.400748983,-0.206933648,1.15791666
2017/8/10,-0.02155511,0.446651249,0.132420399,0.799749275
2017/8/11,0.006363949,0.300855704,0.064137867,0.481486081
2017/8/14,0.013284532,0.285731119,0.463599637,-0.104699863
2017/8/15,-0.001139409,0.296214199,0.195985135,0.281989822
2017/8/16,0.001908801,0.397600049,1.062348199,-1.010874593
2017/8/17,-0.019607504,0.384269204,0.986802668,-0.350329418
2017/8/18,-0.00086506,0.472386452,0.904792228,0.079010378
2017/8/21,-0.000547079,0.377599383,0.299771668,0.337146594
2017/8/22,0.013484759,0.282198811,0.536877433,0.017695225
2017/8/23,-0.00303279,0.124778355,0.94433496,-0.568132387
2017/8/24,-0.00112831,0.113241516,0.406594719,-0.229346897
2017/8/25,-0.000907715,0.065510336,0.049259278,-0.086776773
2017/8/28,0.002770019,0.028780166,-0.432192609,0.521180007
2017/8/29,0.002998832,0.056396952,-0.002045342,0.016254322
2017/8/30,0.01048454,0.047037395,-0.368445827,0.31852492
2017/8/31,0.00943199,0.155006784,-0.318208432,0.436508158
2017/9/1,0.001037003,0.300448134,-0.22650446,1.061085279
2017/9/5,-0.009329623,0.145972482,-0.501418808,1.120700599
2017/9/6,0.002778632,0.26533466,-0.356840346,0.948749409
2017/9/7,0.000712991,0.394883158,-0.35192832,1.364505046
2017/9/8,-0.005906871,0.440749424,-0.196865455,1.222807633
2017/9/11,0.011267703,0.434627671,-0.160746052,1.013832333
2017/9/12,0.003417523,0.470782623,-0.001574782,0.908569548
2017/9/13,0.000915252,0.40473372,-0.46988729,1.385331155
2017/9/14,-0.00482728,0.482379298,0.860187446,0.123277113
2017/9/15,0.003011445,0.421325466,0.771457885,-0.025735117
2017/9/18,0.000956359,0.342967658,0.358029942,0.515742576
2017/9/19,0.001034379,0.278417414,0.321813515,-0.388950346
2017/9/20,-0.000817505,0.126322759,0.237640636,-0.461249303
2017/9/21,-0.005179094,0.286144354,1.487215413,-0.766691568
2017/9/22,0.000658386,0.413178944,0.987053295,-0.147999014
2017/9/25,-0.008803332,0.31840312,1.260772197,-0.526066166
2017/9/26,0.001501088,0.230356941,0.532516234,0.11870118
2017/9/27,0.011392254,0.070590767,0.340526559,-0.125826515
2017/9/28,2.94E-05,-0.037867216,0.062483811,0.085836303
2017/9/29,0.006565574,0.149715497,0.192054386,-0.00484436
2017/10/2,0.003190737,0.165103426,-0.201542182,0.793867744
2017/10/3,0.002297595,0.075767771,-0.682871173,1.000548212
2017/10/4,0.00044695,0.220056841,-0.193714641,0.710794674
2017/10/5,0.007733276,0.271548914,-0.742065062,1.303585924
2017/10/6,0.000731659,0.407661033,-0.013393788,0.864731806
2017/10/9,-0.001586951,0.368924882,-0.295788648,0.979464502
2017/10/10,0.001142251,0.439700847,0.121300864,0.842036893
2017/10/11,0.002471421,0.388810196,-0.709611602,1.569676289
2017/10/12,-0.001824926,0.416176066,0.337674435,0.388241316
2017/10/13,0.002165594,0.412517018,0.505751498,0.591220685
2017/10/16,0.002752876,0.533454721,0.518974394,0.748963552
2017/10/17,-5.28E-05,0.471886116,-0.015226867,1.225410575
2017/10/18,8.45E-05,0.350229807,0.918389927,-0.484481869
2017/10/19,-0.002895093,0.214096154,0.486489509,0.363505319
2017/10/20,0.00362397,0.309096786,0.371799197,-0.230404862
2017/10/23,-0.006389305,0.288374992,1.003356902,-0.801052382
2017/10/24,0.001759541,0.225847717,0.622387891,-0.366852303
2017/10/25,-0.005248327,0.119091649,0.954054204,-0.818925538
2017/10/26,-0.001085311,0.102147977,0.682543948,-0.159928516
2017/10/27,0.021797465,0.253766115,0.988668503,-0.38400308
2017/10/30,-0.000343278,0.304880356,0.781823676,0.215745481
2017/10/31,0.004276582,0.010258448,0.066072524,0.444365272
2017/11/1,-0.001657221,0.104722299,0.152114922,0.265495779
2017/11/2,-0.000236757,0.277920389,0.08331674,0.708588664
2017/11/3,0.007344584,0.315067069,-0.316898722,0.709482712
2017/11/6,0.003247024,0.338548088,-0.245265734,0.774770713
2017/11/7,-0.002753388,0.383405206,-0.196283439,0.898427277
2017/11/8,0.003148215,0.281234403,-0.666946826,1.240642818
2017/11/9,-0.005771419,0.346136607,0.126886996,0.548946913
2017/11/10,0.000131842,0.324728437,0.40074696,0.475137819
2017/11/13,0.000986043,0.447299,-0.026634927,1.430124627
2017/11/14,-0.002923946,0.497702021,0.002311664,0.980648523
2017/11/15,-0.004709888,0.307759062,0.685173991,0.047216466
2017/11/16,0.012901398,0.278292594,0.349172788,0.549139473
2017/11/17,-0.001546839,0.3756864,-0.340555557,1.139021106
2017/11/20,0.00116698,0.432792863,0.548067094,0.006375495
2017/11/21,0.010513391,0.452568983,0.615699965,0.190777317
2017/11/22,0.00071086,0.296847051,0.611388912,-0.607915757
2017/11/24,0.003169409,0.099322862,0.051055218,-0.039971487
2017/11/27,-0.001545649,0.241119111,0.848040653,-0.902190259
2017/11/28,0.004907601,0.211570128,0.625136605,0.041203043
2017/11/29,-0.012808154,0.064259712,0.907995469,-0.384594317
2017/11/30,0.007238854,0.227332059,1.40186207,-0.606683684
